run_id,instance_id,instance_type,logical_cpus,storage_target,storage_layout,ebs_throughput_mibps,operation,operation_label,variant,chart_series,phase,threads,effective_threads,sample_timestamp_utc,sample_index,elapsed_seconds,absolute_elapsed_seconds,cpu_total_percent,cpu_average_percent,host_cpu_percent,duckdb_thread_cpu_percent,raw_phase_name,phase_duration_seconds,status
2026-05-13T133349Z,i-056f3061f47031643,r8id.32xlarge,128,EBS,ebs,,parquet_to_duckdb,Parquet -> mydb.duckdb,baseline,Vanilla baseline,baseline,64,64,2026-05-13T13:37:03.030287+00:00,0,0,53.501,3915.76,30.59,30.591875,61.18375,EBS: baseline threads=64 parquet_to_duckdb ctas,10.3,success
2026-05-13T133349Z,i-056f3061f47031643,r8id.32xlarge,128,EBS,ebs,,parquet_to_duckdb,Parquet -> mydb.duckdb,baseline,Vanilla baseline,baseline,64,64,2026-05-13T13:37:03.130795+00:00,1,0.101,53.602,6535.11,51.06,51.055547,102.111094,EBS: baseline threads=64 parquet_to_duckdb ctas,10.3,success
2026-05-13T133349Z,i-056f3061f47031643,r8id.32xlarge,128,EBS,ebs,,parquet_to_duckdb,Parquet -> mydb.duckdb,baseline,Vanilla baseline,baseline,64,64,2026-05-13T13:37:03.231376+00:00,2,0.202,53.703,6450,50.39,50.390625,100.78125,EBS: baseline threads=64 parquet_to_duckdb ctas,10.3,success
2026-05-13T133349Z,i-056f3061f47031643,r8id.32xlarge,128,EBS,ebs,,parquet_to_duckdb,Parquet -> mydb.duckdb,baseline,Vanilla baseline,baseline,64,64,2026-05-13T13:37:03.331969+00:00,3,0.302,53.803,6440,50.31,50.3125,100.625,EBS: baseline threads=64 parquet_to_duckdb ctas,10.3,success
2026-05-13T133349Z,i-056f3061f47031643,r8id.32xlarge,128,EBS,ebs,,parquet_to_duckdb,Parquet -> mydb.duckdb,baseline,Vanilla baseline,baseline,64,64,2026-05-13T13:37:03.432546+00:00,4,0.403,53.904,6434.97,50.27,50.273203,100.546406,EBS: baseline threads=64 parquet_to_duckdb ctas,10.3,success
2026-05-13T133349Z,i-056f3061f47031643,r8id.32xlarge,128,EBS,ebs,,parquet_to_duckdb,Parquet -> mydb.duckdb,baseline,Vanilla baseline,baseline,64,64,2026-05-13T13:37:03.533191+00:00,5,0.503,54.004,6385.04,49.88,49.883125,99.76625,EBS: baseline threads=64 parquet_to_duckdb ctas,10.3,success
2026-05-13T133349Z,i-056f3061f47031643,r8id.32xlarge,128,EBS,ebs,,parquet_to_duckdb,Parquet -> mydb.duckdb,baseline,Vanilla baseline,baseline,64,64,2026-05-13T13:37:03.633761+00:00,6,0.604,54.105,6500.79,50.79,50.787422,101.574844,EBS: baseline threads=64 parquet_to_duckdb ctas,10.3,success
2026-05-13T133349Z,i-056f3061f47031643,r8id.32xlarge,128,EBS,ebs,,parquet_to_duckdb,Parquet -> mydb.duckdb,baseline,Vanilla baseline,baseline,64,64,2026-05-13T13:37:03.734300+00:00,7,0.705,54.206,6641.05,51.88,51.883203,103.766406,EBS: baseline threads=64 parquet_to_duckdb ctas,10.3,success
2026-05-13T133349Z,i-056f3061f47031643,r8id.32xlarge,128,EBS,ebs,,parquet_to_duckdb,Parquet -> mydb.duckdb,baseline,Vanilla baseline,baseline,64,64,2026-05-13T13:37:03.834868+00:00,8,0.805,54.306,6280.56,49.07,49.066875,98.13375,EBS: baseline threads=64 parquet_to_duckdb ctas,10.3,success
2026-05-13T133349Z,i-056f3061f47031643,r8id.32xlarge,128,EBS,ebs,,parquet_to_duckdb,Parquet -> mydb.duckdb,baseline,Vanilla baseline,baseline,64,64,2026-05-13T13:37:03.935451+00:00,9,0.906,54.407,6219.72,48.59,48.591563,97.183125,EBS: baseline threads=64 parquet_to_duckdb ctas,10.3,success
2026-05-13T133349Z,i-056f3061f47031643,r8id.32xlarge,128,EBS,ebs,,parquet_to_duckdb,Parquet -> mydb.duckdb,baseline,Vanilla baseline,baseline,64,64,2026-05-13T13:37:04.036720+00:00,10,1.007,54.508,6325.87,49.42,49.420859,98.841719,EBS: baseline threads=64 parquet_to_duckdb ctas,10.3,success
2026-05-13T133349Z,i-056f3061f47031643,r8id.32xlarge,128,EBS,ebs,,parquet_to_duckdb,Parquet -> mydb.duckdb,baseline,Vanilla baseline,baseline,64,64,2026-05-13T13:37:04.137497+00:00,11,1.108,54.609,6350.31,49.61,49.611797,99.223594,EBS: baseline threads=64 parquet_to_duckdb ctas,10.3,success
2026-05-13T133349Z,i-056f3061f47031643,r8id.32xlarge,128,EBS,ebs,,parquet_to_duckdb,Parquet -> mydb.duckdb,baseline,Vanilla baseline,baseline,64,64,2026-05-13T13:37:04.238143+00:00,12,1.208,54.709,6309.43,49.29,49.292422,98.584844,EBS: baseline threads=64 parquet_to_duckdb ctas,10.3,success
2026-05-13T133349Z,i-056f3061f47031643,r8id.32xlarge,128,EBS,ebs,,parquet_to_duckdb,Parquet -> mydb.duckdb,baseline,Vanilla baseline,baseline,64,64,2026-05-13T13:37:04.338692+00:00,13,1.309,54.81,6670.02,52.11,52.109531,104.219063,EBS: baseline threads=64 parquet_to_duckdb ctas,10.3,success
2026-05-13T133349Z,i-056f3061f47031643,r8id.32xlarge,128,EBS,ebs,,parquet_to_duckdb,Parquet -> mydb.duckdb,baseline,Vanilla baseline,baseline,64,64,2026-05-13T13:37:04.439232+00:00,14,1.409,54.91,6375.06,49.81,49.805156,99.610313,EBS: baseline threads=64 parquet_to_duckdb ctas,10.3,success
2026-05-13T133349Z,i-056f3061f47031643,r8id.32xlarge,128,EBS,ebs,,parquet_to_duckdb,Parquet -> mydb.duckdb,baseline,Vanilla baseline,baseline,64,64,2026-05-13T13:37:04.539786+00:00,15,1.51,55.011,6365.08,49.73,49.727187,99.454375,EBS: baseline threads=64 parquet_to_duckdb ctas,10.3,success
2026-05-13T133349Z,i-056f3061f47031643,r8id.32xlarge,128,EBS,ebs,,parquet_to_duckdb,Parquet -> mydb.duckdb,baseline,Vanilla baseline,baseline,64,64,2026-05-13T13:37:04.640350+00:00,16,1.611,55.112,6370.14,49.77,49.766719,99.533438,EBS: baseline threads=64 parquet_to_duckdb ctas,10.3,success
2026-05-13T133349Z,i-056f3061f47031643,r8id.32xlarge,128,EBS,ebs,,parquet_to_duckdb,Parquet -> mydb.duckdb,baseline,Vanilla baseline,baseline,64,64,2026-05-13T13:37:04.740910+00:00,17,1.711,55.212,6344.96,49.57,49.57,99.14,EBS: baseline threads=64 parquet_to_duckdb ctas,10.3,success
2026-05-13T133349Z,i-056f3061f47031643,r8id.32xlarge,128,EBS,ebs,,parquet_to_duckdb,Parquet -> mydb.duckdb,baseline,Vanilla baseline,baseline,64,64,2026-05-13T13:37:04.841447+00:00,18,1.812,55.313,6380.06,49.84,49.844219,99.688438,EBS: baseline threads=64 parquet_to_duckdb ctas,10.3,success
2026-05-13T133349Z,i-056f3061f47031643,r8id.32xlarge,128,EBS,ebs,,parquet_to_duckdb,Parquet -> mydb.duckdb,baseline,Vanilla baseline,baseline,64,64,2026-05-13T13:37:04.942013+00:00,19,1.912,55.413,6375.1,49.81,49.805469,99.610938,EBS: baseline threads=64 parquet_to_duckdb ctas,10.3,success
2026-05-13T133349Z,i-056f3061f47031643,r8id.32xlarge,128,EBS,ebs,,parquet_to_duckdb,Parquet -> mydb.duckdb,baseline,Vanilla baseline,baseline,64,64,2026-05-13T13:37:05.042562+00:00,20,2.013,55.514,6380.06,49.84,49.844219,99.688438,EBS: baseline threads=64 parquet_to_duckdb ctas,10.3,success
2026-05-13T133349Z,i-056f3061f47031643,r8id.32xlarge,128,EBS,ebs,,parquet_to_duckdb,Parquet -> mydb.duckdb,baseline,Vanilla baseline,baseline,64,64,2026-05-13T13:37:05.143091+00:00,21,2.113,55.614,6380.06,49.84,49.844219,99.688438,EBS: baseline threads=64 parquet_to_duckdb ctas,10.3,success
2026-05-13T133349Z,i-056f3061f47031643,r8id.32xlarge,128,EBS,ebs,,parquet_to_duckdb,Parquet -> mydb.duckdb,baseline,Vanilla baseline,baseline,64,64,2026-05-13T13:37:05.243689+00:00,22,2.214,55.715,6385.04,49.88,49.883125,99.76625,EBS: baseline threads=64 parquet_to_duckdb ctas,10.3,success
2026-05-13T133349Z,i-056f3061f47031643,r8id.32xlarge,128,EBS,ebs,,parquet_to_duckdb,Parquet -> mydb.duckdb,baseline,Vanilla baseline,baseline,64,64,2026-05-13T13:37:05.344267+00:00,23,2.314,55.815,6380.06,49.84,49.844219,99.688438,EBS: baseline threads=64 parquet_to_duckdb ctas,10.3,success
2026-05-13T133349Z,i-056f3061f47031643,r8id.32xlarge,128,EBS,ebs,,parquet_to_duckdb,Parquet -> mydb.duckdb,baseline,Vanilla baseline,baseline,64,64,2026-05-13T13:37:05.444794+00:00,24,2.415,55.916,6380.06,49.84,49.844219,99.688438,EBS: baseline threads=64 parquet_to_duckdb ctas,10.3,success
2026-05-13T133349Z,i-056f3061f47031643,r8id.32xlarge,128,EBS,ebs,,parquet_to_duckdb,Parquet -> mydb.duckdb,baseline,Vanilla baseline,baseline,64,64,2026-05-13T13:37:05.545362+00:00,25,2.516,56.017,6365.03,49.73,49.726797,99.453594,EBS: baseline threads=64 parquet_to_duckdb ctas,10.3,success
2026-05-13T133349Z,i-056f3061f47031643,r8id.32xlarge,128,EBS,ebs,,parquet_to_duckdb,Parquet -> mydb.duckdb,baseline,Vanilla baseline,baseline,64,64,2026-05-13T13:37:05.645930+00:00,26,2.616,56.117,6380.06,49.84,49.844219,99.688438,EBS: baseline threads=64 parquet_to_duckdb ctas,10.3,success
2026-05-13T133349Z,i-056f3061f47031643,r8id.32xlarge,128,EBS,ebs,,parquet_to_duckdb,Parquet -> mydb.duckdb,baseline,Vanilla baseline,baseline,64,64,2026-05-13T13:37:05.746420+00:00,27,2.717,56.218,6370.05,49.77,49.766016,99.532031,EBS: baseline threads=64 parquet_to_duckdb ctas,10.3,success
2026-05-13T133349Z,i-056f3061f47031643,r8id.32xlarge,128,EBS,ebs,,parquet_to_duckdb,Parquet -> mydb.duckdb,baseline,Vanilla baseline,baseline,64,64,2026-05-13T13:37:05.846988+00:00,28,2.817,56.318,5102.17,39.86,39.860703,79.721406,EBS: baseline threads=64 parquet_to_duckdb ctas,10.3,success
2026-05-13T133349Z,i-056f3061f47031643,r8id.32xlarge,128,EBS,ebs,,parquet_to_duckdb,Parquet -> mydb.duckdb,baseline,Vanilla baseline,baseline,64,64,2026-05-13T13:37:05.947567+00:00,29,2.918,56.419,3448.45,26.94,26.941016,53.882031,EBS: baseline threads=64 parquet_to_duckdb ctas,10.3,success
2026-05-13T133349Z,i-056f3061f47031643,r8id.32xlarge,128,EBS,ebs,,parquet_to_duckdb,Parquet -> mydb.duckdb,baseline,Vanilla baseline,baseline,64,64,2026-05-13T13:37:06.048043+00:00,30,3.018,56.519,2725.93,21.3,21.296328,42.592656,EBS: baseline threads=64 parquet_to_duckdb ctas,10.3,success
2026-05-13T133349Z,i-056f3061f47031643,r8id.32xlarge,128,EBS,ebs,,parquet_to_duckdb,Parquet -> mydb.duckdb,baseline,Vanilla baseline,baseline,64,64,2026-05-13T13:37:06.148409+00:00,31,3.119,56.62,148.95,1.16,1.163672,2.327344,EBS: baseline threads=64 parquet_to_duckdb ctas,10.3,success
2026-05-13T133349Z,i-056f3061f47031643,r8id.32xlarge,128,EBS,ebs,,parquet_to_duckdb,Parquet -> mydb.duckdb,baseline,Vanilla baseline,baseline,64,64,2026-05-13T13:37:06.248696+00:00,32,3.219,56.72,99.69,0.78,0.778828,1.557656,EBS: baseline threads=64 parquet_to_duckdb ctas,10.3,success
2026-05-13T133349Z,i-056f3061f47031643,r8id.32xlarge,128,EBS,ebs,,parquet_to_duckdb,Parquet -> mydb.duckdb,baseline,Vanilla baseline,baseline,64,64,2026-05-13T13:37:06.349015+00:00,33,3.319,56.82,99.77,0.78,0.779453,1.558906,EBS: baseline threads=64 parquet_to_duckdb ctas,10.3,success
2026-05-13T133349Z,i-056f3061f47031643,r8id.32xlarge,128,EBS,ebs,,parquet_to_duckdb,Parquet -> mydb.duckdb,baseline,Vanilla baseline,baseline,64,64,2026-05-13T13:37:06.449320+00:00,34,3.42,56.921,189.41,1.48,1.479766,2.959531,EBS: baseline threads=64 parquet_to_duckdb ctas,10.3,success
2026-05-13T133349Z,i-056f3061f47031643,r8id.32xlarge,128,EBS,ebs,,parquet_to_duckdb,Parquet -> mydb.duckdb,baseline,Vanilla baseline,baseline,64,64,2026-05-13T13:37:06.549619+00:00,35,3.52,57.021,99.77,0.78,0.779453,1.558906,EBS: baseline threads=64 parquet_to_duckdb ctas,10.3,success
2026-05-13T133349Z,i-056f3061f47031643,r8id.32xlarge,128,EBS,ebs,,parquet_to_duckdb,Parquet -> mydb.duckdb,baseline,Vanilla baseline,baseline,64,64,2026-05-13T13:37:06.649929+00:00,36,3.62,57.121,109.66,0.86,0.856719,1.713437,EBS: baseline threads=64 parquet_to_duckdb ctas,10.3,success
2026-05-13T133349Z,i-056f3061f47031643,r8id.32xlarge,128,EBS,ebs,,parquet_to_duckdb,Parquet -> mydb.duckdb,baseline,Vanilla baseline,baseline,64,64,2026-05-13T13:37:06.750216+00:00,37,3.72,57.221,109.66,0.86,0.856719,1.713437,EBS: baseline threads=64 parquet_to_duckdb ctas,10.3,success
2026-05-13T133349Z,i-056f3061f47031643,r8id.32xlarge,128,EBS,ebs,,parquet_to_duckdb,Parquet -> mydb.duckdb,baseline,Vanilla baseline,baseline,64,64,2026-05-13T13:37:06.850498+00:00,38,3.821,57.322,99.77,0.78,0.779453,1.558906,EBS: baseline threads=64 parquet_to_duckdb ctas,10.3,success
2026-05-13T133349Z,i-056f3061f47031643,r8id.32xlarge,128,EBS,ebs,,parquet_to_duckdb,Parquet -> mydb.duckdb,baseline,Vanilla baseline,baseline,64,64,2026-05-13T13:37:06.950775+00:00,39,3.921,57.422,109.74,0.86,0.857344,1.714687,EBS: baseline threads=64 parquet_to_duckdb ctas,10.3,success
2026-05-13T133349Z,i-056f3061f47031643,r8id.32xlarge,128,EBS,ebs,,parquet_to_duckdb,Parquet -> mydb.duckdb,baseline,Vanilla baseline,baseline,64,64,2026-05-13T13:37:07.051176+00:00,40,4.021,57.522,109.57,0.86,0.856016,1.712031,EBS: baseline threads=64 parquet_to_duckdb ctas,10.3,success
2026-05-13T133349Z,i-056f3061f47031643,r8id.32xlarge,128,EBS,ebs,,parquet_to_duckdb,Parquet -> mydb.duckdb,baseline,Vanilla baseline,baseline,64,64,2026-05-13T13:37:07.151469+00:00,41,4.122,57.623,99.77,0.78,0.779453,1.558906,EBS: baseline threads=64 parquet_to_duckdb ctas,10.3,success
2026-05-13T133349Z,i-056f3061f47031643,r8id.32xlarge,128,EBS,ebs,,parquet_to_duckdb,Parquet -> mydb.duckdb,baseline,Vanilla baseline,baseline,64,64,2026-05-13T13:37:07.251770+00:00,42,4.222,57.723,99.69,0.78,0.778828,1.557656,EBS: baseline threads=64 parquet_to_duckdb ctas,10.3,success
2026-05-13T133349Z,i-056f3061f47031643,r8id.32xlarge,128,EBS,ebs,,parquet_to_duckdb,Parquet -> mydb.duckdb,baseline,Vanilla baseline,baseline,64,64,2026-05-13T13:37:07.352144+00:00,43,4.322,57.823,109.66,0.86,0.856719,1.713437,EBS: baseline threads=64 parquet_to_duckdb ctas,10.3,success
2026-05-13T133349Z,i-056f3061f47031643,r8id.32xlarge,128,EBS,ebs,,parquet_to_duckdb,Parquet -> mydb.duckdb,baseline,Vanilla baseline,baseline,64,64,2026-05-13T13:37:07.452443+00:00,44,4.423,57.924,109.66,0.86,0.856719,1.713437,EBS: baseline threads=64 parquet_to_duckdb ctas,10.3,success
2026-05-13T133349Z,i-056f3061f47031643,r8id.32xlarge,128,EBS,ebs,,parquet_to_duckdb,Parquet -> mydb.duckdb,baseline,Vanilla baseline,baseline,64,64,2026-05-13T13:37:07.552739+00:00,45,4.523,58.024,109.66,0.86,0.856719,1.713437,EBS: baseline threads=64 parquet_to_duckdb ctas,10.3,success
2026-05-13T133349Z,i-056f3061f47031643,r8id.32xlarge,128,EBS,ebs,,parquet_to_duckdb,Parquet -> mydb.duckdb,baseline,Vanilla baseline,baseline,64,64,2026-05-13T13:37:07.653062+00:00,46,4.623,58.124,99.69,0.78,0.778828,1.557656,EBS: baseline threads=64 parquet_to_duckdb ctas,10.3,success
2026-05-13T133349Z,i-056f3061f47031643,r8id.32xlarge,128,EBS,ebs,,parquet_to_duckdb,Parquet -> mydb.duckdb,baseline,Vanilla baseline,baseline,64,64,2026-05-13T13:37:07.753455+00:00,47,4.724,58.225,109.66,0.86,0.856719,1.713437,EBS: baseline threads=64 parquet_to_duckdb ctas,10.3,success
2026-05-13T133349Z,i-056f3061f47031643,r8id.32xlarge,128,EBS,ebs,,parquet_to_duckdb,Parquet -> mydb.duckdb,baseline,Vanilla baseline,baseline,64,64,2026-05-13T13:37:07.853847+00:00,48,4.824,58.325,179.58,1.4,1.402969,2.805938,EBS: baseline threads=64 parquet_to_duckdb ctas,10.3,success
2026-05-13T133349Z,i-056f3061f47031643,r8id.32xlarge,128,EBS,ebs,,parquet_to_duckdb,Parquet -> mydb.duckdb,baseline,Vanilla baseline,baseline,64,64,2026-05-13T13:37:07.954216+00:00,49,4.924,58.425,209.18,1.63,1.634219,3.268438,EBS: baseline threads=64 parquet_to_duckdb ctas,10.3,success
2026-05-13T133349Z,i-056f3061f47031643,r8id.32xlarge,128,EBS,ebs,,parquet_to_duckdb,Parquet -> mydb.duckdb,baseline,Vanilla baseline,baseline,64,64,2026-05-13T13:37:08.054597+00:00,50,5.025,58.526,199.38,1.56,1.557656,3.115312,EBS: baseline threads=64 parquet_to_duckdb ctas,10.3,success
2026-05-13T133349Z,i-056f3061f47031643,r8id.32xlarge,128,EBS,ebs,,parquet_to_duckdb,Parquet -> mydb.duckdb,baseline,Vanilla baseline,baseline,64,64,2026-05-13T13:37:08.154949+00:00,51,5.125,58.626,249.03,1.95,1.945547,3.891094,EBS: baseline threads=64 parquet_to_duckdb ctas,10.3,success
2026-05-13T133349Z,i-056f3061f47031643,r8id.32xlarge,128,EBS,ebs,,parquet_to_duckdb,Parquet -> mydb.duckdb,baseline,Vanilla baseline,baseline,64,64,2026-05-13T13:37:08.255369+00:00,52,5.226,58.727,209.18,1.63,1.634219,3.268438,EBS: baseline threads=64 parquet_to_duckdb ctas,10.3,success
2026-05-13T133349Z,i-056f3061f47031643,r8id.32xlarge,128,EBS,ebs,,parquet_to_duckdb,Parquet -> mydb.duckdb,baseline,Vanilla baseline,baseline,64,64,2026-05-13T13:37:08.355701+00:00,53,5.326,58.827,209.51,1.64,1.636797,3.273594,EBS: baseline threads=64 parquet_to_duckdb ctas,10.3,success
2026-05-13T133349Z,i-056f3061f47031643,r8id.32xlarge,128,EBS,ebs,,parquet_to_duckdb,Parquet -> mydb.duckdb,baseline,Vanilla baseline,baseline,64,64,2026-05-13T13:37:08.456016+00:00,54,5.426,58.927,199.38,1.56,1.557656,3.115312,EBS: baseline threads=64 parquet_to_duckdb ctas,10.3,success
2026-05-13T133349Z,i-056f3061f47031643,r8id.32xlarge,128,EBS,ebs,,parquet_to_duckdb,Parquet -> mydb.duckdb,baseline,Vanilla baseline,baseline,64,64,2026-05-13T13:37:08.556337+00:00,55,5.527,59.028,209.35,1.64,1.635547,3.271094,EBS: baseline threads=64 parquet_to_duckdb ctas,10.3,success
2026-05-13T133349Z,i-056f3061f47031643,r8id.32xlarge,128,EBS,ebs,,parquet_to_duckdb,Parquet -> mydb.duckdb,baseline,Vanilla baseline,baseline,64,64,2026-05-13T13:37:08.656697+00:00,56,5.627,59.128,445.48,3.48,3.480313,6.960625,EBS: baseline threads=64 parquet_to_duckdb ctas,10.3,success
2026-05-13T133349Z,i-056f3061f47031643,r8id.32xlarge,128,EBS,ebs,,parquet_to_duckdb,Parquet -> mydb.duckdb,baseline,Vanilla baseline,baseline,64,64,2026-05-13T13:37:08.757078+00:00,57,5.727,59.228,209.35,1.64,1.635547,3.271094,EBS: baseline threads=64 parquet_to_duckdb ctas,10.3,success
2026-05-13T133349Z,i-056f3061f47031643,r8id.32xlarge,128,EBS,ebs,,parquet_to_duckdb,Parquet -> mydb.duckdb,baseline,Vanilla baseline,baseline,64,64,2026-05-13T13:37:08.857621+00:00,58,5.828,59.329,149.18,1.17,1.165469,2.330938,EBS: baseline threads=64 parquet_to_duckdb ctas,10.3,success
2026-05-13T133349Z,i-056f3061f47031643,r8id.32xlarge,128,EBS,ebs,,parquet_to_duckdb,Parquet -> mydb.duckdb,baseline,Vanilla baseline,baseline,64,64,2026-05-13T13:37:08.957976+00:00,59,5.928,59.429,99.53,0.78,0.777578,1.555156,EBS: baseline threads=64 parquet_to_duckdb ctas,10.3,success
2026-05-13T133349Z,i-056f3061f47031643,r8id.32xlarge,128,EBS,ebs,,parquet_to_duckdb,Parquet -> mydb.duckdb,baseline,Vanilla baseline,baseline,64,64,2026-05-13T13:37:09.058278+00:00,60,6.028,59.529,59.86,0.47,0.467656,0.935312,EBS: baseline threads=64 parquet_to_duckdb ctas,10.3,success
2026-05-13T133349Z,i-056f3061f47031643,r8id.32xlarge,128,EBS,ebs,,parquet_to_duckdb,Parquet -> mydb.duckdb,baseline,Vanilla baseline,baseline,64,64,2026-05-13T13:37:09.158599+00:00,61,6.129,59.63,9.98,0.08,0.077969,0.155938,EBS: baseline threads=64 parquet_to_duckdb ctas,10.3,success
2026-05-13T133349Z,i-056f3061f47031643,r8id.32xlarge,128,EBS,ebs,,parquet_to_duckdb,Parquet -> mydb.duckdb,baseline,Vanilla baseline,baseline,64,64,2026-05-13T13:37:09.258886+00:00,62,6.229,59.73,9.98,0.08,0.077969,0.155938,EBS: baseline threads=64 parquet_to_duckdb ctas,10.3,success
2026-05-13T133349Z,i-056f3061f47031643,r8id.32xlarge,128,EBS,ebs,,parquet_to_duckdb,Parquet -> mydb.duckdb,baseline,Vanilla baseline,baseline,64,64,2026-05-13T13:37:09.359197+00:00,63,6.329,59.83,0,0,0,0,EBS: baseline threads=64 parquet_to_duckdb ctas,10.3,success
2026-05-13T133349Z,i-056f3061f47031643,r8id.32xlarge,128,EBS,ebs,,parquet_to_duckdb,Parquet -> mydb.duckdb,baseline,Vanilla baseline,baseline,64,64,2026-05-13T13:37:09.459483+00:00,64,6.43,59.931,19.92,0.16,0.155625,0.31125,EBS: baseline threads=64 parquet_to_duckdb ctas,10.3,success
2026-05-13T133349Z,i-056f3061f47031643,r8id.32xlarge,128,EBS,ebs,,parquet_to_duckdb,Parquet -> mydb.duckdb,baseline,Vanilla baseline,baseline,64,64,2026-05-13T13:37:09.559801+00:00,65,6.53,60.031,19.94,0.16,0.155781,0.311563,EBS: baseline threads=64 parquet_to_duckdb ctas,10.3,success
2026-05-13T133349Z,i-056f3061f47031643,r8id.32xlarge,128,EBS,ebs,,parquet_to_duckdb,Parquet -> mydb.duckdb,baseline,Vanilla baseline,baseline,64,64,2026-05-13T13:37:09.660076+00:00,66,6.63,60.131,19.92,0.16,0.155625,0.31125,EBS: baseline threads=64 parquet_to_duckdb ctas,10.3,success
2026-05-13T133349Z,i-056f3061f47031643,r8id.32xlarge,128,EBS,ebs,,parquet_to_duckdb,Parquet -> mydb.duckdb,baseline,Vanilla baseline,baseline,64,64,2026-05-13T13:37:09.760375+00:00,67,6.731,60.232,9.98,0.08,0.077969,0.155938,EBS: baseline threads=64 parquet_to_duckdb ctas,10.3,success
2026-05-13T133349Z,i-056f3061f47031643,r8id.32xlarge,128,EBS,ebs,,parquet_to_duckdb,Parquet -> mydb.duckdb,baseline,Vanilla baseline,baseline,64,64,2026-05-13T13:37:09.860668+00:00,68,6.831,60.332,0,0,0,0,EBS: baseline threads=64 parquet_to_duckdb ctas,10.3,success
2026-05-13T133349Z,i-056f3061f47031643,r8id.32xlarge,128,EBS,ebs,,parquet_to_duckdb,Parquet -> mydb.duckdb,baseline,Vanilla baseline,baseline,64,64,2026-05-13T13:37:09.961036+00:00,69,6.931,60.432,9.97,0.08,0.077891,0.155781,EBS: baseline threads=64 parquet_to_duckdb ctas,10.3,success
2026-05-13T133349Z,i-056f3061f47031643,r8id.32xlarge,128,EBS,ebs,,parquet_to_duckdb,Parquet -> mydb.duckdb,baseline,Vanilla baseline,baseline,64,64,2026-05-13T13:37:10.061325+00:00,70,7.032,60.533,29.86,0.23,0.233281,0.466562,EBS: baseline threads=64 parquet_to_duckdb ctas,10.3,success
2026-05-13T133349Z,i-056f3061f47031643,r8id.32xlarge,128,EBS,ebs,,parquet_to_duckdb,Parquet -> mydb.duckdb,baseline,Vanilla baseline,baseline,64,64,2026-05-13T13:37:10.161678+00:00,71,7.132,60.633,0,0,0,0,EBS: baseline threads=64 parquet_to_duckdb ctas,10.3,success
2026-05-13T133349Z,i-056f3061f47031643,r8id.32xlarge,128,EBS,ebs,,parquet_to_duckdb,Parquet -> mydb.duckdb,baseline,Vanilla baseline,baseline,64,64,2026-05-13T13:37:10.261987+00:00,72,7.232,60.733,9.98,0.08,0.077969,0.155938,EBS: baseline threads=64 parquet_to_duckdb ctas,10.3,success
2026-05-13T133349Z,i-056f3061f47031643,r8id.32xlarge,128,EBS,ebs,,parquet_to_duckdb,Parquet -> mydb.duckdb,baseline,Vanilla baseline,baseline,64,64,2026-05-13T13:37:10.362316+00:00,73,7.333,60.834,0,0,0,0,EBS: baseline threads=64 parquet_to_duckdb ctas,10.3,success
2026-05-13T133349Z,i-056f3061f47031643,r8id.32xlarge,128,EBS,ebs,,parquet_to_duckdb,Parquet -> mydb.duckdb,baseline,Vanilla baseline,baseline,64,64,2026-05-13T13:37:10.462608+00:00,74,7.433,60.934,19.94,0.16,0.155781,0.311563,EBS: baseline threads=64 parquet_to_duckdb ctas,10.3,success
2026-05-13T133349Z,i-056f3061f47031643,r8id.32xlarge,128,EBS,ebs,,parquet_to_duckdb,Parquet -> mydb.duckdb,baseline,Vanilla baseline,baseline,64,64,2026-05-13T13:37:10.562921+00:00,75,7.533,61.034,0,0,0,0,EBS: baseline threads=64 parquet_to_duckdb ctas,10.3,success
2026-05-13T133349Z,i-056f3061f47031643,r8id.32xlarge,128,EBS,ebs,,parquet_to_duckdb,Parquet -> mydb.duckdb,baseline,Vanilla baseline,baseline,64,64,2026-05-13T13:37:10.663201+00:00,76,7.633,61.134,0,0,0,0,EBS: baseline threads=64 parquet_to_duckdb ctas,10.3,success
2026-05-13T133349Z,i-056f3061f47031643,r8id.32xlarge,128,EBS,ebs,,parquet_to_duckdb,Parquet -> mydb.duckdb,baseline,Vanilla baseline,baseline,64,64,2026-05-13T13:37:10.763502+00:00,77,7.734,61.235,9.97,0.08,0.077891,0.155781,EBS: baseline threads=64 parquet_to_duckdb ctas,10.3,success
2026-05-13T133349Z,i-056f3061f47031643,r8id.32xlarge,128,EBS,ebs,,parquet_to_duckdb,Parquet -> mydb.duckdb,baseline,Vanilla baseline,baseline,64,64,2026-05-13T13:37:10.863782+00:00,78,7.834,61.335,9.98,0.08,0.077969,0.155938,EBS: baseline threads=64 parquet_to_duckdb ctas,10.3,success
2026-05-13T133349Z,i-056f3061f47031643,r8id.32xlarge,128,EBS,ebs,,parquet_to_duckdb,Parquet -> mydb.duckdb,baseline,Vanilla baseline,baseline,64,64,2026-05-13T13:37:10.964066+00:00,79,7.934,61.435,9.97,0.08,0.077891,0.155781,EBS: baseline threads=64 parquet_to_duckdb ctas,10.3,success
2026-05-13T133349Z,i-056f3061f47031643,r8id.32xlarge,128,EBS,ebs,,parquet_to_duckdb,Parquet -> mydb.duckdb,baseline,Vanilla baseline,baseline,64,64,2026-05-13T13:37:11.064362+00:00,80,8.035,61.536,0,0,0,0,EBS: baseline threads=64 parquet_to_duckdb ctas,10.3,success
2026-05-13T133349Z,i-056f3061f47031643,r8id.32xlarge,128,EBS,ebs,,parquet_to_duckdb,Parquet -> mydb.duckdb,baseline,Vanilla baseline,baseline,64,64,2026-05-13T13:37:11.164719+00:00,81,8.135,61.636,9.97,0.08,0.077891,0.155781,EBS: baseline threads=64 parquet_to_duckdb ctas,10.3,success
2026-05-13T133349Z,i-056f3061f47031643,r8id.32xlarge,128,EBS,ebs,,parquet_to_duckdb,Parquet -> mydb.duckdb,baseline,Vanilla baseline,baseline,64,64,2026-05-13T13:37:11.265036+00:00,82,8.235,61.736,9.97,0.08,0.077891,0.155781,EBS: baseline threads=64 parquet_to_duckdb ctas,10.3,success
2026-05-13T133349Z,i-056f3061f47031643,r8id.32xlarge,128,EBS,ebs,,parquet_to_duckdb,Parquet -> mydb.duckdb,baseline,Vanilla baseline,baseline,64,64,2026-05-13T13:37:11.365323+00:00,83,8.336,61.837,0,0,0,0,EBS: baseline threads=64 parquet_to_duckdb ctas,10.3,success
2026-05-13T133349Z,i-056f3061f47031643,r8id.32xlarge,128,EBS,ebs,,parquet_to_duckdb,Parquet -> mydb.duckdb,baseline,Vanilla baseline,baseline,64,64,2026-05-13T13:37:11.465630+00:00,84,8.436,61.937,0,0,0,0,EBS: baseline threads=64 parquet_to_duckdb ctas,10.3,success
2026-05-13T133349Z,i-056f3061f47031643,r8id.32xlarge,128,EBS,ebs,,parquet_to_duckdb,Parquet -> mydb.duckdb,baseline,Vanilla baseline,baseline,64,64,2026-05-13T13:37:11.565926+00:00,85,8.536,62.037,9.98,0.08,0.077969,0.155938,EBS: baseline threads=64 parquet_to_duckdb ctas,10.3,success
2026-05-13T133349Z,i-056f3061f47031643,r8id.32xlarge,128,EBS,ebs,,parquet_to_duckdb,Parquet -> mydb.duckdb,baseline,Vanilla baseline,baseline,64,64,2026-05-13T13:37:11.666222+00:00,86,8.636,62.137,0,0,0,0,EBS: baseline threads=64 parquet_to_duckdb ctas,10.3,success
2026-05-13T133349Z,i-056f3061f47031643,r8id.32xlarge,128,EBS,ebs,,parquet_to_duckdb,Parquet -> mydb.duckdb,baseline,Vanilla baseline,baseline,64,64,2026-05-13T13:37:11.766519+00:00,87,8.737,62.238,0,0,0,0,EBS: baseline threads=64 parquet_to_duckdb ctas,10.3,success
2026-05-13T133349Z,i-056f3061f47031643,r8id.32xlarge,128,EBS,ebs,,parquet_to_duckdb,Parquet -> mydb.duckdb,baseline,Vanilla baseline,baseline,64,64,2026-05-13T13:37:11.866827+00:00,88,8.837,62.338,19.92,0.16,0.155625,0.31125,EBS: baseline threads=64 parquet_to_duckdb ctas,10.3,success
2026-05-13T133349Z,i-056f3061f47031643,r8id.32xlarge,128,EBS,ebs,,parquet_to_duckdb,Parquet -> mydb.duckdb,baseline,Vanilla baseline,baseline,64,64,2026-05-13T13:37:11.967214+00:00,89,8.937,62.438,0,0,0,0,EBS: baseline threads=64 parquet_to_duckdb ctas,10.3,success
2026-05-13T133349Z,i-056f3061f47031643,r8id.32xlarge,128,EBS,ebs,,parquet_to_duckdb,Parquet -> mydb.duckdb,baseline,Vanilla baseline,baseline,64,64,2026-05-13T13:37:12.067510+00:00,90,9.038,62.539,0,0,0,0,EBS: baseline threads=64 parquet_to_duckdb ctas,10.3,success
2026-05-13T133349Z,i-056f3061f47031643,r8id.32xlarge,128,EBS,ebs,,parquet_to_duckdb,Parquet -> mydb.duckdb,baseline,Vanilla baseline,baseline,64,64,2026-05-13T13:37:12.167800+00:00,91,9.138,62.639,9.96,0.08,0.077813,0.155625,EBS: baseline threads=64 parquet_to_duckdb ctas,10.3,success
2026-05-13T133349Z,i-056f3061f47031643,r8id.32xlarge,128,EBS,ebs,,parquet_to_duckdb,Parquet -> mydb.duckdb,baseline,Vanilla baseline,baseline,64,64,2026-05-13T13:37:12.268156+00:00,92,9.238,62.739,19.94,0.16,0.155781,0.311563,EBS: baseline threads=64 parquet_to_duckdb ctas,10.3,success
2026-05-13T133349Z,i-056f3061f47031643,r8id.32xlarge,128,EBS,ebs,,parquet_to_duckdb,Parquet -> mydb.duckdb,baseline,Vanilla baseline,baseline,64,64,2026-05-13T13:37:12.368448+00:00,93,9.339,62.84,19.92,0.16,0.155625,0.31125,EBS: baseline threads=64 parquet_to_duckdb ctas,10.3,success
2026-05-13T133349Z,i-056f3061f47031643,r8id.32xlarge,128,EBS,ebs,,parquet_to_duckdb,Parquet -> mydb.duckdb,baseline,Vanilla baseline,baseline,64,64,2026-05-13T13:37:12.468730+00:00,94,9.439,62.94,9.98,0.08,0.077969,0.155938,EBS: baseline threads=64 parquet_to_duckdb ctas,10.3,success
2026-05-13T133349Z,i-056f3061f47031643,r8id.32xlarge,128,EBS,ebs,,parquet_to_duckdb,Parquet -> mydb.duckdb,baseline,Vanilla baseline,baseline,64,64,2026-05-13T13:37:12.569039+00:00,95,9.539,63.04,0,0,0,0,EBS: baseline threads=64 parquet_to_duckdb ctas,10.3,success
2026-05-13T133349Z,i-056f3061f47031643,r8id.32xlarge,128,EBS,ebs,,parquet_to_duckdb,Parquet -> mydb.duckdb,baseline,Vanilla baseline,baseline,64,64,2026-05-13T13:37:12.669328+00:00,96,9.64,63.141,9.98,0.08,0.077969,0.155938,EBS: baseline threads=64 parquet_to_duckdb ctas,10.3,success
2026-05-13T133349Z,i-056f3061f47031643,r8id.32xlarge,128,EBS,ebs,,parquet_to_duckdb,Parquet -> mydb.duckdb,baseline,Vanilla baseline,baseline,64,64,2026-05-13T13:37:12.769698+00:00,97,9.74,63.241,9.96,0.08,0.077813,0.155625,EBS: baseline threads=64 parquet_to_duckdb ctas,10.3,success
2026-05-13T133349Z,i-056f3061f47031643,r8id.32xlarge,128,EBS,ebs,,parquet_to_duckdb,Parquet -> mydb.duckdb,baseline,Vanilla baseline,baseline,64,64,2026-05-13T13:37:12.869991+00:00,98,9.84,63.341,19.97,0.16,0.156016,0.312031,EBS: baseline threads=64 parquet_to_duckdb ctas,10.3,success
2026-05-13T133349Z,i-056f3061f47031643,r8id.32xlarge,128,EBS,ebs,,parquet_to_duckdb,Parquet -> mydb.duckdb,baseline,Vanilla baseline,baseline,64,64,2026-05-13T13:37:13.070629+00:00,99,10.041,63.542,100.39,0.78,0.784297,1.568594,EBS: baseline threads=64 parquet_to_duckdb close connection,10.3,success
2026-05-13T133349Z,i-056f3061f47031643,r8id.32xlarge,128,EBS,ebs,,parquet_to_duckdb,Parquet -> mydb.duckdb,baseline,Vanilla baseline,baseline,64,64,2026-05-13T13:37:13.170936+00:00,100,10.141,63.642,99.84,0.78,0.78,1.56,EBS: baseline threads=64 parquet_to_duckdb close connection,10.3,success
2026-05-13T133349Z,i-056f3061f47031643,r8id.32xlarge,128,EBS,ebs,,parquet_to_duckdb,Parquet -> mydb.duckdb,no_wal_writes,no_wal_writes CTAS,ctas,64,64,2026-05-13T13:37:23.109961+00:00,0,0,73.581,1952.05,15.25,15.250391,30.500781,EBS: no_wal_writes threads=64 parquet_to_duckdb ctas,5.81,success
2026-05-13T133349Z,i-056f3061f47031643,r8id.32xlarge,128,EBS,ebs,,parquet_to_duckdb,Parquet -> mydb.duckdb,no_wal_writes,no_wal_writes CTAS,ctas,64,64,2026-05-13T13:37:23.210439+00:00,1,0.101,73.682,6395,49.96,49.960938,99.921875,EBS: no_wal_writes threads=64 parquet_to_duckdb ctas,5.81,success
2026-05-13T133349Z,i-056f3061f47031643,r8id.32xlarge,128,EBS,ebs,,parquet_to_duckdb,Parquet -> mydb.duckdb,no_wal_writes,no_wal_writes CTAS,ctas,64,64,2026-05-13T13:37:23.310992+00:00,2,0.201,73.782,6380.06,49.84,49.844219,99.688438,EBS: no_wal_writes threads=64 parquet_to_duckdb ctas,5.81,success
2026-05-13T133349Z,i-056f3061f47031643,r8id.32xlarge,128,EBS,ebs,,parquet_to_duckdb,Parquet -> mydb.duckdb,no_wal_writes,no_wal_writes CTAS,ctas,64,64,2026-05-13T13:37:23.411536+00:00,3,0.302,73.883,6385.04,49.88,49.883125,99.76625,EBS: no_wal_writes threads=64 parquet_to_duckdb ctas,5.81,success
2026-05-13T133349Z,i-056f3061f47031643,r8id.32xlarge,128,EBS,ebs,,parquet_to_duckdb,Parquet -> mydb.duckdb,no_wal_writes,no_wal_writes CTAS,ctas,64,64,2026-05-13T13:37:23.512084+00:00,4,0.402,73.983,6375.02,49.8,49.804844,99.609688,EBS: no_wal_writes threads=64 parquet_to_duckdb ctas,5.81,success
2026-05-13T133349Z,i-056f3061f47031643,r8id.32xlarge,128,EBS,ebs,,parquet_to_duckdb,Parquet -> mydb.duckdb,no_wal_writes,no_wal_writes CTAS,ctas,64,64,2026-05-13T13:37:23.612650+00:00,5,0.503,74.084,6380.06,49.84,49.844219,99.688438,EBS: no_wal_writes threads=64 parquet_to_duckdb ctas,5.81,success
2026-05-13T133349Z,i-056f3061f47031643,r8id.32xlarge,128,EBS,ebs,,parquet_to_duckdb,Parquet -> mydb.duckdb,no_wal_writes,no_wal_writes CTAS,ctas,64,64,2026-05-13T13:37:23.713213+00:00,6,0.603,74.184,7231.8,56.5,56.498438,112.996875,EBS: no_wal_writes threads=64 parquet_to_duckdb ctas,5.81,success
2026-05-13T133349Z,i-056f3061f47031643,r8id.32xlarge,128,EBS,ebs,,parquet_to_duckdb,Parquet -> mydb.duckdb,no_wal_writes,no_wal_writes CTAS,ctas,64,64,2026-05-13T13:37:23.813791+00:00,7,0.704,74.285,6385.04,49.88,49.883125,99.76625,EBS: no_wal_writes threads=64 parquet_to_duckdb ctas,5.81,success
2026-05-13T133349Z,i-056f3061f47031643,r8id.32xlarge,128,EBS,ebs,,parquet_to_duckdb,Parquet -> mydb.duckdb,no_wal_writes,no_wal_writes CTAS,ctas,64,64,2026-05-13T13:37:23.914365+00:00,8,0.805,74.386,6188.35,48.35,48.346484,96.692969,EBS: no_wal_writes threads=64 parquet_to_duckdb ctas,5.81,success
2026-05-13T133349Z,i-056f3061f47031643,r8id.32xlarge,128,EBS,ebs,,parquet_to_duckdb,Parquet -> mydb.duckdb,no_wal_writes,no_wal_writes CTAS,ctas,64,64,2026-05-13T13:37:24.014909+00:00,9,0.905,74.486,6171.07,48.21,48.211484,96.422969,EBS: no_wal_writes threads=64 parquet_to_duckdb ctas,5.81,success
2026-05-13T133349Z,i-056f3061f47031643,r8id.32xlarge,128,EBS,ebs,,parquet_to_duckdb,Parquet -> mydb.duckdb,no_wal_writes,no_wal_writes CTAS,ctas,64,64,2026-05-13T13:37:24.115403+00:00,10,1.006,74.587,6290.34,49.14,49.143281,98.286563,EBS: no_wal_writes threads=64 parquet_to_duckdb ctas,5.81,success
2026-05-13T133349Z,i-056f3061f47031643,r8id.32xlarge,128,EBS,ebs,,parquet_to_duckdb,Parquet -> mydb.duckdb,no_wal_writes,no_wal_writes CTAS,ctas,64,64,2026-05-13T13:37:24.215958+00:00,11,1.106,74.687,6243.66,48.78,48.778594,97.557187,EBS: no_wal_writes threads=64 parquet_to_duckdb ctas,5.81,success
2026-05-13T133349Z,i-056f3061f47031643,r8id.32xlarge,128,EBS,ebs,,parquet_to_duckdb,Parquet -> mydb.duckdb,no_wal_writes,no_wal_writes CTAS,ctas,64,64,2026-05-13T13:37:24.316503+00:00,12,1.207,74.788,6280,49.06,49.0625,98.125,EBS: no_wal_writes threads=64 parquet_to_duckdb ctas,5.81,success
2026-05-13T133349Z,i-056f3061f47031643,r8id.32xlarge,128,EBS,ebs,,parquet_to_duckdb,Parquet -> mydb.duckdb,no_wal_writes,no_wal_writes CTAS,ctas,64,64,2026-05-13T13:37:24.417135+00:00,13,1.307,74.888,6300,49.22,49.21875,98.4375,EBS: no_wal_writes threads=64 parquet_to_duckdb ctas,5.81,success
2026-05-13T133349Z,i-056f3061f47031643,r8id.32xlarge,128,EBS,ebs,,parquet_to_duckdb,Parquet -> mydb.duckdb,no_wal_writes,no_wal_writes CTAS,ctas,64,64,2026-05-13T13:37:24.517711+00:00,14,1.408,74.989,6350.39,49.61,49.612422,99.224844,EBS: no_wal_writes threads=64 parquet_to_duckdb ctas,5.81,success
2026-05-13T133349Z,i-056f3061f47031643,r8id.32xlarge,128,EBS,ebs,,parquet_to_duckdb,Parquet -> mydb.duckdb,no_wal_writes,no_wal_writes CTAS,ctas,64,64,2026-05-13T13:37:24.618300+00:00,15,1.509,75.09,6651.45,51.96,51.964453,103.928906,EBS: no_wal_writes threads=64 parquet_to_duckdb ctas,5.81,success
2026-05-13T133349Z,i-056f3061f47031643,r8id.32xlarge,128,EBS,ebs,,parquet_to_duckdb,Parquet -> mydb.duckdb,no_wal_writes,no_wal_writes CTAS,ctas,64,64,2026-05-13T13:37:24.718824+00:00,16,1.609,75.19,6274.11,49.02,49.016484,98.032969,EBS: no_wal_writes threads=64 parquet_to_duckdb ctas,5.81,success
2026-05-13T133349Z,i-056f3061f47031643,r8id.32xlarge,128,EBS,ebs,,parquet_to_duckdb,Parquet -> mydb.duckdb,no_wal_writes,no_wal_writes CTAS,ctas,64,64,2026-05-13T13:37:24.819368+00:00,17,1.71,75.291,6305.07,49.26,49.258359,98.516719,EBS: no_wal_writes threads=64 parquet_to_duckdb ctas,5.81,success
2026-05-13T133349Z,i-056f3061f47031643,r8id.32xlarge,128,EBS,ebs,,parquet_to_duckdb,Parquet -> mydb.duckdb,no_wal_writes,no_wal_writes CTAS,ctas,64,64,2026-05-13T13:37:24.919938+00:00,18,1.81,75.391,6360.12,49.69,49.688437,99.376875,EBS: no_wal_writes threads=64 parquet_to_duckdb ctas,5.81,success
2026-05-13T133349Z,i-056f3061f47031643,r8id.32xlarge,128,EBS,ebs,,parquet_to_duckdb,Parquet -> mydb.duckdb,no_wal_writes,no_wal_writes CTAS,ctas,64,64,2026-05-13T13:37:25.020479+00:00,19,1.911,75.492,6335.05,49.49,49.492578,98.985156,EBS: no_wal_writes threads=64 parquet_to_duckdb ctas,5.81,success
2026-05-13T133349Z,i-056f3061f47031643,r8id.32xlarge,128,EBS,ebs,,parquet_to_duckdb,Parquet -> mydb.duckdb,no_wal_writes,no_wal_writes CTAS,ctas,64,64,2026-05-13T13:37:25.121206+00:00,20,2.011,75.592,6345.3,49.57,49.572656,99.145313,EBS: no_wal_writes threads=64 parquet_to_duckdb ctas,5.81,success
2026-05-13T133349Z,i-056f3061f47031643,r8id.32xlarge,128,EBS,ebs,,parquet_to_duckdb,Parquet -> mydb.duckdb,no_wal_writes,no_wal_writes CTAS,ctas,64,64,2026-05-13T13:37:25.221761+00:00,21,2.112,75.693,6380.06,49.84,49.844219,99.688438,EBS: no_wal_writes threads=64 parquet_to_duckdb ctas,5.81,success
2026-05-13T133349Z,i-056f3061f47031643,r8id.32xlarge,128,EBS,ebs,,parquet_to_duckdb,Parquet -> mydb.duckdb,no_wal_writes,no_wal_writes CTAS,ctas,64,64,2026-05-13T13:37:25.322315+00:00,22,2.213,75.794,6365.03,49.73,49.726797,99.453594,EBS: no_wal_writes threads=64 parquet_to_duckdb ctas,5.81,success
2026-05-13T133349Z,i-056f3061f47031643,r8id.32xlarge,128,EBS,ebs,,parquet_to_duckdb,Parquet -> mydb.duckdb,no_wal_writes,no_wal_writes CTAS,ctas,64,64,2026-05-13T13:37:25.422852+00:00,23,2.313,75.894,6385.04,49.88,49.883125,99.76625,EBS: no_wal_writes threads=64 parquet_to_duckdb ctas,5.81,success
2026-05-13T133349Z,i-056f3061f47031643,r8id.32xlarge,128,EBS,ebs,,parquet_to_duckdb,Parquet -> mydb.duckdb,no_wal_writes,no_wal_writes CTAS,ctas,64,64,2026-05-13T13:37:25.523399+00:00,24,2.414,75.995,6365.03,49.73,49.726797,99.453594,EBS: no_wal_writes threads=64 parquet_to_duckdb ctas,5.81,success
2026-05-13T133349Z,i-056f3061f47031643,r8id.32xlarge,128,EBS,ebs,,parquet_to_duckdb,Parquet -> mydb.duckdb,no_wal_writes,no_wal_writes CTAS,ctas,64,64,2026-05-13T13:37:25.623974+00:00,25,2.514,76.095,6375.06,49.81,49.805156,99.610313,EBS: no_wal_writes threads=64 parquet_to_duckdb ctas,5.81,success
2026-05-13T133349Z,i-056f3061f47031643,r8id.32xlarge,128,EBS,ebs,,parquet_to_duckdb,Parquet -> mydb.duckdb,no_wal_writes,no_wal_writes CTAS,ctas,64,64,2026-05-13T13:37:25.724496+00:00,26,2.615,76.196,6360.12,49.69,49.688437,99.376875,EBS: no_wal_writes threads=64 parquet_to_duckdb ctas,5.81,success
2026-05-13T133349Z,i-056f3061f47031643,r8id.32xlarge,128,EBS,ebs,,parquet_to_duckdb,Parquet -> mydb.duckdb,no_wal_writes,no_wal_writes CTAS,ctas,64,64,2026-05-13T13:37:25.825048+00:00,27,2.715,76.296,6289.48,49.14,49.136562,98.273125,EBS: no_wal_writes threads=64 parquet_to_duckdb ctas,5.81,success
2026-05-13T133349Z,i-056f3061f47031643,r8id.32xlarge,128,EBS,ebs,,parquet_to_duckdb,Parquet -> mydb.duckdb,no_wal_writes,no_wal_writes CTAS,ctas,64,64,2026-05-13T13:37:25.925538+00:00,28,2.816,76.397,6172.14,48.22,48.219844,96.439688,EBS: no_wal_writes threads=64 parquet_to_duckdb ctas,5.81,success
2026-05-13T133349Z,i-056f3061f47031643,r8id.32xlarge,128,EBS,ebs,,parquet_to_duckdb,Parquet -> mydb.duckdb,no_wal_writes,no_wal_writes CTAS,ctas,64,64,2026-05-13T13:37:26.026021+00:00,29,2.916,76.497,3817.02,29.82,29.820469,59.640937,EBS: no_wal_writes threads=64 parquet_to_duckdb ctas,5.81,success
2026-05-13T133349Z,i-056f3061f47031643,r8id.32xlarge,128,EBS,ebs,,parquet_to_duckdb,Parquet -> mydb.duckdb,no_wal_writes,no_wal_writes CTAS,ctas,64,64,2026-05-13T13:37:26.126508+00:00,30,3.017,76.598,3272.33,25.57,25.565078,51.130156,EBS: no_wal_writes threads=64 parquet_to_duckdb ctas,5.81,success
2026-05-13T133349Z,i-056f3061f47031643,r8id.32xlarge,128,EBS,ebs,,parquet_to_duckdb,Parquet -> mydb.duckdb,no_wal_writes,no_wal_writes CTAS,ctas,64,64,2026-05-13T13:37:26.226970+00:00,31,3.117,76.698,1127.67,8.81,8.809922,17.619844,EBS: no_wal_writes threads=64 parquet_to_duckdb ctas,5.81,success
2026-05-13T133349Z,i-056f3061f47031643,r8id.32xlarge,128,EBS,ebs,,parquet_to_duckdb,Parquet -> mydb.duckdb,no_wal_writes,no_wal_writes CTAS,ctas,64,64,2026-05-13T13:37:26.327365+00:00,32,3.218,76.799,99.61,0.78,0.778203,1.556406,EBS: no_wal_writes threads=64 parquet_to_duckdb ctas,5.81,success
2026-05-13T133349Z,i-056f3061f47031643,r8id.32xlarge,128,EBS,ebs,,parquet_to_duckdb,Parquet -> mydb.duckdb,no_wal_writes,no_wal_writes CTAS,ctas,64,64,2026-05-13T13:37:26.427652+00:00,33,3.318,76.899,99.69,0.78,0.778828,1.557656,EBS: no_wal_writes threads=64 parquet_to_duckdb ctas,5.81,success
2026-05-13T133349Z,i-056f3061f47031643,r8id.32xlarge,128,EBS,ebs,,parquet_to_duckdb,Parquet -> mydb.duckdb,no_wal_writes,no_wal_writes CTAS,ctas,64,64,2026-05-13T13:37:26.528025+00:00,34,3.418,76.999,149.53,1.17,1.168203,2.336406,EBS: no_wal_writes threads=64 parquet_to_duckdb ctas,5.81,success
2026-05-13T133349Z,i-056f3061f47031643,r8id.32xlarge,128,EBS,ebs,,parquet_to_duckdb,Parquet -> mydb.duckdb,no_wal_writes,no_wal_writes CTAS,ctas,64,64,2026-05-13T13:37:26.628345+00:00,35,3.519,77.1,169.08,1.32,1.320938,2.641875,EBS: no_wal_writes threads=64 parquet_to_duckdb ctas,5.81,success
2026-05-13T133349Z,i-056f3061f47031643,r8id.32xlarge,128,EBS,ebs,,parquet_to_duckdb,Parquet -> mydb.duckdb,no_wal_writes,no_wal_writes CTAS,ctas,64,64,2026-05-13T13:37:26.728630+00:00,36,3.619,77.2,99.77,0.78,0.779453,1.558906,EBS: no_wal_writes threads=64 parquet_to_duckdb ctas,5.81,success
2026-05-13T133349Z,i-056f3061f47031643,r8id.32xlarge,128,EBS,ebs,,parquet_to_duckdb,Parquet -> mydb.duckdb,no_wal_writes,no_wal_writes CTAS,ctas,64,64,2026-05-13T13:37:26.828932+00:00,37,3.719,77.3,109.74,0.86,0.857344,1.714687,EBS: no_wal_writes threads=64 parquet_to_duckdb ctas,5.81,success
2026-05-13T133349Z,i-056f3061f47031643,r8id.32xlarge,128,EBS,ebs,,parquet_to_duckdb,Parquet -> mydb.duckdb,no_wal_writes,no_wal_writes CTAS,ctas,64,64,2026-05-13T13:37:26.929224+00:00,38,3.819,77.4,99.77,0.78,0.779453,1.558906,EBS: no_wal_writes threads=64 parquet_to_duckdb ctas,5.81,success
2026-05-13T133349Z,i-056f3061f47031643,r8id.32xlarge,128,EBS,ebs,,parquet_to_duckdb,Parquet -> mydb.duckdb,no_wal_writes,no_wal_writes CTAS,ctas,64,64,2026-05-13T13:37:27.029514+00:00,39,3.92,77.501,109.74,0.86,0.857344,1.714687,EBS: no_wal_writes threads=64 parquet_to_duckdb ctas,5.81,success
2026-05-13T133349Z,i-056f3061f47031643,r8id.32xlarge,128,EBS,ebs,,parquet_to_duckdb,Parquet -> mydb.duckdb,no_wal_writes,no_wal_writes CTAS,ctas,64,64,2026-05-13T13:37:27.129803+00:00,40,4.02,77.601,99.69,0.78,0.778828,1.557656,EBS: no_wal_writes threads=64 parquet_to_duckdb ctas,5.81,success
2026-05-13T133349Z,i-056f3061f47031643,r8id.32xlarge,128,EBS,ebs,,parquet_to_duckdb,Parquet -> mydb.duckdb,no_wal_writes,no_wal_writes CTAS,ctas,64,64,2026-05-13T13:37:27.230079+00:00,41,4.12,77.701,109.74,0.86,0.857344,1.714687,EBS: no_wal_writes threads=64 parquet_to_duckdb ctas,5.81,success
2026-05-13T133349Z,i-056f3061f47031643,r8id.32xlarge,128,EBS,ebs,,parquet_to_duckdb,Parquet -> mydb.duckdb,no_wal_writes,no_wal_writes CTAS,ctas,64,64,2026-05-13T13:37:27.330388+00:00,42,4.221,77.802,109.66,0.86,0.856719,1.713437,EBS: no_wal_writes threads=64 parquet_to_duckdb ctas,5.81,success
2026-05-13T133349Z,i-056f3061f47031643,r8id.32xlarge,128,EBS,ebs,,parquet_to_duckdb,Parquet -> mydb.duckdb,no_wal_writes,no_wal_writes CTAS,ctas,64,64,2026-05-13T13:37:27.430684+00:00,43,4.321,77.902,109.66,0.86,0.856719,1.713437,EBS: no_wal_writes threads=64 parquet_to_duckdb ctas,5.81,success
2026-05-13T133349Z,i-056f3061f47031643,r8id.32xlarge,128,EBS,ebs,,parquet_to_duckdb,Parquet -> mydb.duckdb,no_wal_writes,no_wal_writes CTAS,ctas,64,64,2026-05-13T13:37:27.531005+00:00,44,4.421,78.002,99.69,0.78,0.778828,1.557656,EBS: no_wal_writes threads=64 parquet_to_duckdb ctas,5.81,success
2026-05-13T133349Z,i-056f3061f47031643,r8id.32xlarge,128,EBS,ebs,,parquet_to_duckdb,Parquet -> mydb.duckdb,no_wal_writes,no_wal_writes CTAS,ctas,64,64,2026-05-13T13:37:27.631426+00:00,45,4.522,78.103,109.66,0.86,0.856719,1.713437,EBS: no_wal_writes threads=64 parquet_to_duckdb ctas,5.81,success
2026-05-13T133349Z,i-056f3061f47031643,r8id.32xlarge,128,EBS,ebs,,parquet_to_duckdb,Parquet -> mydb.duckdb,no_wal_writes,no_wal_writes CTAS,ctas,64,64,2026-05-13T13:37:27.731743+00:00,46,4.622,78.203,209.35,1.64,1.635547,3.271094,EBS: no_wal_writes threads=64 parquet_to_duckdb ctas,5.81,success
2026-05-13T133349Z,i-056f3061f47031643,r8id.32xlarge,128,EBS,ebs,,parquet_to_duckdb,Parquet -> mydb.duckdb,no_wal_writes,no_wal_writes CTAS,ctas,64,64,2026-05-13T13:37:27.832119+00:00,47,4.722,78.303,209.18,1.63,1.634219,3.268438,EBS: no_wal_writes threads=64 parquet_to_duckdb ctas,5.81,success
2026-05-13T133349Z,i-056f3061f47031643,r8id.32xlarge,128,EBS,ebs,,parquet_to_duckdb,Parquet -> mydb.duckdb,no_wal_writes,no_wal_writes CTAS,ctas,64,64,2026-05-13T13:37:27.932477+00:00,48,4.823,78.404,199.53,1.56,1.558828,3.117656,EBS: no_wal_writes threads=64 parquet_to_duckdb ctas,5.81,success
2026-05-13T133349Z,i-056f3061f47031643,r8id.32xlarge,128,EBS,ebs,,parquet_to_duckdb,Parquet -> mydb.duckdb,no_wal_writes,no_wal_writes CTAS,ctas,64,64,2026-05-13T13:37:28.032824+00:00,49,4.923,78.504,199.38,1.56,1.557656,3.115312,EBS: no_wal_writes threads=64 parquet_to_duckdb ctas,5.81,success
2026-05-13T133349Z,i-056f3061f47031643,r8id.32xlarge,128,EBS,ebs,,parquet_to_duckdb,Parquet -> mydb.duckdb,no_wal_writes,no_wal_writes CTAS,ctas,64,64,2026-05-13T13:37:28.133247+00:00,50,5.023,78.604,218.97,1.71,1.710703,3.421406,EBS: no_wal_writes threads=64 parquet_to_duckdb ctas,5.81,success
2026-05-13T133349Z,i-056f3061f47031643,r8id.32xlarge,128,EBS,ebs,,parquet_to_duckdb,Parquet -> mydb.duckdb,no_wal_writes,no_wal_writes CTAS,ctas,64,64,2026-05-13T13:37:28.233619+00:00,51,5.124,78.705,209.35,1.64,1.635547,3.271094,EBS: no_wal_writes threads=64 parquet_to_duckdb ctas,5.81,success
2026-05-13T133349Z,i-056f3061f47031643,r8id.32xlarge,128,EBS,ebs,,parquet_to_duckdb,Parquet -> mydb.duckdb,no_wal_writes,no_wal_writes CTAS,ctas,64,64,2026-05-13T13:37:28.333984+00:00,52,5.224,78.805,199.38,1.56,1.557656,3.115312,EBS: no_wal_writes threads=64 parquet_to_duckdb ctas,5.81,success
2026-05-13T133349Z,i-056f3061f47031643,r8id.32xlarge,128,EBS,ebs,,parquet_to_duckdb,Parquet -> mydb.duckdb,no_wal_writes,no_wal_writes CTAS,ctas,64,64,2026-05-13T13:37:28.434331+00:00,53,5.325,78.906,209.18,1.63,1.634219,3.268438,EBS: no_wal_writes threads=64 parquet_to_duckdb ctas,5.81,success
2026-05-13T133349Z,i-056f3061f47031643,r8id.32xlarge,128,EBS,ebs,,parquet_to_duckdb,Parquet -> mydb.duckdb,no_wal_writes,no_wal_writes CTAS,ctas,64,64,2026-05-13T13:37:28.534756+00:00,54,5.425,79.006,209.35,1.64,1.635547,3.271094,EBS: no_wal_writes threads=64 parquet_to_duckdb ctas,5.81,success
2026-05-13T133349Z,i-056f3061f47031643,r8id.32xlarge,128,EBS,ebs,,parquet_to_duckdb,Parquet -> mydb.duckdb,no_wal_writes,no_wal_writes CTAS,ctas,64,64,2026-05-13T13:37:28.635130+00:00,55,5.525,79.106,209.18,1.63,1.634219,3.268438,EBS: no_wal_writes threads=64 parquet_to_duckdb ctas,5.81,success
2026-05-13T133349Z,i-056f3061f47031643,r8id.32xlarge,128,EBS,ebs,,parquet_to_duckdb,Parquet -> mydb.duckdb,no_wal_writes,no_wal_writes CTAS,ctas,64,64,2026-05-13T13:37:28.735499+00:00,56,5.626,79.207,329.49,2.57,2.574141,5.148281,EBS: no_wal_writes threads=64 parquet_to_duckdb ctas,5.81,success
2026-05-13T133349Z,i-056f3061f47031643,r8id.32xlarge,128,EBS,ebs,,parquet_to_duckdb,Parquet -> mydb.duckdb,no_wal_writes,no_wal_writes CTAS,ctas,64,64,2026-05-13T13:37:28.835834+00:00,57,5.726,79.307,209.35,1.64,1.635547,3.271094,EBS: no_wal_writes threads=64 parquet_to_duckdb ctas,5.81,success
2026-05-13T133349Z,i-056f3061f47031643,r8id.32xlarge,128,EBS,ebs,,parquet_to_duckdb,Parquet -> mydb.duckdb,no_wal_writes,no_wal_writes CHECKPOINT,checkpoint,64,64,2026-05-13T13:37:28.936144+00:00,0,0,79.407,280.22,2.19,2.189219,4.378438,EBS: no_wal_writes threads=64 parquet_to_duckdb checkpoint,4.12,success
2026-05-13T133349Z,i-056f3061f47031643,r8id.32xlarge,128,EBS,ebs,,parquet_to_duckdb,Parquet -> mydb.duckdb,no_wal_writes,no_wal_writes CHECKPOINT,checkpoint,64,64,2026-05-13T13:37:29.036440+00:00,1,0.101,79.508,817.46,6.39,6.386406,12.772813,EBS: no_wal_writes threads=64 parquet_to_duckdb checkpoint,4.12,success
2026-05-13T133349Z,i-056f3061f47031643,r8id.32xlarge,128,EBS,ebs,,parquet_to_duckdb,Parquet -> mydb.duckdb,no_wal_writes,no_wal_writes CHECKPOINT,checkpoint,64,64,2026-05-13T13:37:29.136748+00:00,2,0.201,79.608,29.88,0.23,0.233437,0.466875,EBS: no_wal_writes threads=64 parquet_to_duckdb checkpoint,4.12,success
2026-05-13T133349Z,i-056f3061f47031643,r8id.32xlarge,128,EBS,ebs,,parquet_to_duckdb,Parquet -> mydb.duckdb,no_wal_writes,no_wal_writes CHECKPOINT,checkpoint,64,64,2026-05-13T13:37:29.237054+00:00,3,0.301,79.708,29.95,0.23,0.233984,0.467969,EBS: no_wal_writes threads=64 parquet_to_duckdb checkpoint,4.12,success
2026-05-13T133349Z,i-056f3061f47031643,r8id.32xlarge,128,EBS,ebs,,parquet_to_duckdb,Parquet -> mydb.duckdb,no_wal_writes,no_wal_writes CHECKPOINT,checkpoint,64,64,2026-05-13T13:37:29.337352+00:00,4,0.402,79.809,69.67,0.54,0.544297,1.088594,EBS: no_wal_writes threads=64 parquet_to_duckdb checkpoint,4.12,success
2026-05-13T133349Z,i-056f3061f47031643,r8id.32xlarge,128,EBS,ebs,,parquet_to_duckdb,Parquet -> mydb.duckdb,no_wal_writes,no_wal_writes CHECKPOINT,checkpoint,64,64,2026-05-13T13:37:29.437640+00:00,5,0.502,79.909,0,0,0,0,EBS: no_wal_writes threads=64 parquet_to_duckdb checkpoint,4.12,success
2026-05-13T133349Z,i-056f3061f47031643,r8id.32xlarge,128,EBS,ebs,,parquet_to_duckdb,Parquet -> mydb.duckdb,no_wal_writes,no_wal_writes CHECKPOINT,checkpoint,64,64,2026-05-13T13:37:29.537944+00:00,6,0.602,80.009,9.98,0.08,0.077969,0.155938,EBS: no_wal_writes threads=64 parquet_to_duckdb checkpoint,4.12,success
2026-05-13T133349Z,i-056f3061f47031643,r8id.32xlarge,128,EBS,ebs,,parquet_to_duckdb,Parquet -> mydb.duckdb,no_wal_writes,no_wal_writes CHECKPOINT,checkpoint,64,64,2026-05-13T13:37:29.638250+00:00,7,0.702,80.109,19.92,0.16,0.155625,0.31125,EBS: no_wal_writes threads=64 parquet_to_duckdb checkpoint,4.12,success
2026-05-13T133349Z,i-056f3061f47031643,r8id.32xlarge,128,EBS,ebs,,parquet_to_duckdb,Parquet -> mydb.duckdb,no_wal_writes,no_wal_writes CHECKPOINT,checkpoint,64,64,2026-05-13T13:37:29.738548+00:00,8,0.803,80.21,9.97,0.08,0.077891,0.155781,EBS: no_wal_writes threads=64 parquet_to_duckdb checkpoint,4.12,success
2026-05-13T133349Z,i-056f3061f47031643,r8id.32xlarge,128,EBS,ebs,,parquet_to_duckdb,Parquet -> mydb.duckdb,no_wal_writes,no_wal_writes CHECKPOINT,checkpoint,64,64,2026-05-13T13:37:29.838837+00:00,9,0.903,80.31,0,0,0,0,EBS: no_wal_writes threads=64 parquet_to_duckdb checkpoint,4.12,success
2026-05-13T133349Z,i-056f3061f47031643,r8id.32xlarge,128,EBS,ebs,,parquet_to_duckdb,Parquet -> mydb.duckdb,no_wal_writes,no_wal_writes CHECKPOINT,checkpoint,64,64,2026-05-13T13:37:29.939247+00:00,10,1.003,80.41,0,0,0,0,EBS: no_wal_writes threads=64 parquet_to_duckdb checkpoint,4.12,success
2026-05-13T133349Z,i-056f3061f47031643,r8id.32xlarge,128,EBS,ebs,,parquet_to_duckdb,Parquet -> mydb.duckdb,no_wal_writes,no_wal_writes CHECKPOINT,checkpoint,64,64,2026-05-13T13:37:30.039520+00:00,11,1.104,80.511,9.97,0.08,0.077891,0.155781,EBS: no_wal_writes threads=64 parquet_to_duckdb checkpoint,4.12,success
2026-05-13T133349Z,i-056f3061f47031643,r8id.32xlarge,128,EBS,ebs,,parquet_to_duckdb,Parquet -> mydb.duckdb,no_wal_writes,no_wal_writes CHECKPOINT,checkpoint,64,64,2026-05-13T13:37:30.139809+00:00,12,1.204,80.611,0,0,0,0,EBS: no_wal_writes threads=64 parquet_to_duckdb checkpoint,4.12,success
2026-05-13T133349Z,i-056f3061f47031643,r8id.32xlarge,128,EBS,ebs,,parquet_to_duckdb,Parquet -> mydb.duckdb,no_wal_writes,no_wal_writes CHECKPOINT,checkpoint,64,64,2026-05-13T13:37:30.240091+00:00,13,1.304,80.711,0,0,0,0,EBS: no_wal_writes threads=64 parquet_to_duckdb checkpoint,4.12,success
2026-05-13T133349Z,i-056f3061f47031643,r8id.32xlarge,128,EBS,ebs,,parquet_to_duckdb,Parquet -> mydb.duckdb,no_wal_writes,no_wal_writes CHECKPOINT,checkpoint,64,64,2026-05-13T13:37:30.340385+00:00,14,1.405,80.812,0,0,0,0,EBS: no_wal_writes threads=64 parquet_to_duckdb checkpoint,4.12,success
2026-05-13T133349Z,i-056f3061f47031643,r8id.32xlarge,128,EBS,ebs,,parquet_to_duckdb,Parquet -> mydb.duckdb,no_wal_writes,no_wal_writes CHECKPOINT,checkpoint,64,64,2026-05-13T13:37:30.440661+00:00,15,1.505,80.912,19.94,0.16,0.155781,0.311563,EBS: no_wal_writes threads=64 parquet_to_duckdb checkpoint,4.12,success
2026-05-13T133349Z,i-056f3061f47031643,r8id.32xlarge,128,EBS,ebs,,parquet_to_duckdb,Parquet -> mydb.duckdb,no_wal_writes,no_wal_writes CHECKPOINT,checkpoint,64,64,2026-05-13T13:37:30.540968+00:00,16,1.605,81.012,0,0,0,0,EBS: no_wal_writes threads=64 parquet_to_duckdb checkpoint,4.12,success
2026-05-13T133349Z,i-056f3061f47031643,r8id.32xlarge,128,EBS,ebs,,parquet_to_duckdb,Parquet -> mydb.duckdb,no_wal_writes,no_wal_writes CHECKPOINT,checkpoint,64,64,2026-05-13T13:37:30.641260+00:00,17,1.705,81.112,9.98,0.08,0.077969,0.155938,EBS: no_wal_writes threads=64 parquet_to_duckdb checkpoint,4.12,success
2026-05-13T133349Z,i-056f3061f47031643,r8id.32xlarge,128,EBS,ebs,,parquet_to_duckdb,Parquet -> mydb.duckdb,no_wal_writes,no_wal_writes CHECKPOINT,checkpoint,64,64,2026-05-13T13:37:30.741548+00:00,18,1.806,81.213,9.97,0.08,0.077891,0.155781,EBS: no_wal_writes threads=64 parquet_to_duckdb checkpoint,4.12,success
2026-05-13T133349Z,i-056f3061f47031643,r8id.32xlarge,128,EBS,ebs,,parquet_to_duckdb,Parquet -> mydb.duckdb,no_wal_writes,no_wal_writes CHECKPOINT,checkpoint,64,64,2026-05-13T13:37:30.841840+00:00,19,1.906,81.313,9.97,0.08,0.077891,0.155781,EBS: no_wal_writes threads=64 parquet_to_duckdb checkpoint,4.12,success
2026-05-13T133349Z,i-056f3061f47031643,r8id.32xlarge,128,EBS,ebs,,parquet_to_duckdb,Parquet -> mydb.duckdb,no_wal_writes,no_wal_writes CHECKPOINT,checkpoint,64,64,2026-05-13T13:37:30.942146+00:00,20,2.006,81.413,19.94,0.16,0.155781,0.311563,EBS: no_wal_writes threads=64 parquet_to_duckdb checkpoint,4.12,success
2026-05-13T133349Z,i-056f3061f47031643,r8id.32xlarge,128,EBS,ebs,,parquet_to_duckdb,Parquet -> mydb.duckdb,no_wal_writes,no_wal_writes CHECKPOINT,checkpoint,64,64,2026-05-13T13:37:31.042445+00:00,21,2.107,81.514,29.86,0.23,0.233281,0.466562,EBS: no_wal_writes threads=64 parquet_to_duckdb checkpoint,4.12,success
2026-05-13T133349Z,i-056f3061f47031643,r8id.32xlarge,128,EBS,ebs,,parquet_to_duckdb,Parquet -> mydb.duckdb,no_wal_writes,no_wal_writes CHECKPOINT,checkpoint,64,64,2026-05-13T13:37:31.142784+00:00,22,2.207,81.614,0,0,0,0,EBS: no_wal_writes threads=64 parquet_to_duckdb checkpoint,4.12,success
2026-05-13T133349Z,i-056f3061f47031643,r8id.32xlarge,128,EBS,ebs,,parquet_to_duckdb,Parquet -> mydb.duckdb,no_wal_writes,no_wal_writes CHECKPOINT,checkpoint,64,64,2026-05-13T13:37:31.243113+00:00,23,2.307,81.714,9.96,0.08,0.077813,0.155625,EBS: no_wal_writes threads=64 parquet_to_duckdb checkpoint,4.12,success
2026-05-13T133349Z,i-056f3061f47031643,r8id.32xlarge,128,EBS,ebs,,parquet_to_duckdb,Parquet -> mydb.duckdb,no_wal_writes,no_wal_writes CHECKPOINT,checkpoint,64,64,2026-05-13T13:37:31.343393+00:00,24,2.408,81.815,9.98,0.08,0.077969,0.155938,EBS: no_wal_writes threads=64 parquet_to_duckdb checkpoint,4.12,success
2026-05-13T133349Z,i-056f3061f47031643,r8id.32xlarge,128,EBS,ebs,,parquet_to_duckdb,Parquet -> mydb.duckdb,no_wal_writes,no_wal_writes CHECKPOINT,checkpoint,64,64,2026-05-13T13:37:31.443684+00:00,25,2.508,81.915,9.97,0.08,0.077891,0.155781,EBS: no_wal_writes threads=64 parquet_to_duckdb checkpoint,4.12,success
2026-05-13T133349Z,i-056f3061f47031643,r8id.32xlarge,128,EBS,ebs,,parquet_to_duckdb,Parquet -> mydb.duckdb,no_wal_writes,no_wal_writes CHECKPOINT,checkpoint,64,64,2026-05-13T13:37:31.543978+00:00,26,2.608,82.015,0,0,0,0,EBS: no_wal_writes threads=64 parquet_to_duckdb checkpoint,4.12,success
2026-05-13T133349Z,i-056f3061f47031643,r8id.32xlarge,128,EBS,ebs,,parquet_to_duckdb,Parquet -> mydb.duckdb,no_wal_writes,no_wal_writes CHECKPOINT,checkpoint,64,64,2026-05-13T13:37:31.644298+00:00,27,2.708,82.115,0,0,0,0,EBS: no_wal_writes threads=64 parquet_to_duckdb checkpoint,4.12,success
2026-05-13T133349Z,i-056f3061f47031643,r8id.32xlarge,128,EBS,ebs,,parquet_to_duckdb,Parquet -> mydb.duckdb,no_wal_writes,no_wal_writes CHECKPOINT,checkpoint,64,64,2026-05-13T13:37:31.744593+00:00,28,2.809,82.216,9.97,0.08,0.077891,0.155781,EBS: no_wal_writes threads=64 parquet_to_duckdb checkpoint,4.12,success
2026-05-13T133349Z,i-056f3061f47031643,r8id.32xlarge,128,EBS,ebs,,parquet_to_duckdb,Parquet -> mydb.duckdb,no_wal_writes,no_wal_writes CHECKPOINT,checkpoint,64,64,2026-05-13T13:37:31.845001+00:00,29,2.909,82.316,0,0,0,0,EBS: no_wal_writes threads=64 parquet_to_duckdb checkpoint,4.12,success
2026-05-13T133349Z,i-056f3061f47031643,r8id.32xlarge,128,EBS,ebs,,parquet_to_duckdb,Parquet -> mydb.duckdb,no_wal_writes,no_wal_writes CHECKPOINT,checkpoint,64,64,2026-05-13T13:37:31.945296+00:00,30,3.009,82.416,0,0,0,0,EBS: no_wal_writes threads=64 parquet_to_duckdb checkpoint,4.12,success
2026-05-13T133349Z,i-056f3061f47031643,r8id.32xlarge,128,EBS,ebs,,parquet_to_duckdb,Parquet -> mydb.duckdb,no_wal_writes,no_wal_writes CHECKPOINT,checkpoint,64,64,2026-05-13T13:37:32.045606+00:00,31,3.11,82.517,19.92,0.16,0.155625,0.31125,EBS: no_wal_writes threads=64 parquet_to_duckdb checkpoint,4.12,success
2026-05-13T133349Z,i-056f3061f47031643,r8id.32xlarge,128,EBS,ebs,,parquet_to_duckdb,Parquet -> mydb.duckdb,no_wal_writes,no_wal_writes CHECKPOINT,checkpoint,64,64,2026-05-13T13:37:32.145904+00:00,32,3.21,82.617,0,0,0,0,EBS: no_wal_writes threads=64 parquet_to_duckdb checkpoint,4.12,success
2026-05-13T133349Z,i-056f3061f47031643,r8id.32xlarge,128,EBS,ebs,,parquet_to_duckdb,Parquet -> mydb.duckdb,no_wal_writes,no_wal_writes CHECKPOINT,checkpoint,64,64,2026-05-13T13:37:32.246231+00:00,33,3.31,82.717,0,0,0,0,EBS: no_wal_writes threads=64 parquet_to_duckdb checkpoint,4.12,success
2026-05-13T133349Z,i-056f3061f47031643,r8id.32xlarge,128,EBS,ebs,,parquet_to_duckdb,Parquet -> mydb.duckdb,no_wal_writes,no_wal_writes CHECKPOINT,checkpoint,64,64,2026-05-13T13:37:32.346528+00:00,34,3.411,82.818,19.92,0.16,0.155625,0.31125,EBS: no_wal_writes threads=64 parquet_to_duckdb checkpoint,4.12,success
2026-05-13T133349Z,i-056f3061f47031643,r8id.32xlarge,128,EBS,ebs,,parquet_to_duckdb,Parquet -> mydb.duckdb,no_wal_writes,no_wal_writes CHECKPOINT,checkpoint,64,64,2026-05-13T13:37:32.446899+00:00,35,3.511,82.918,9.96,0.08,0.077813,0.155625,EBS: no_wal_writes threads=64 parquet_to_duckdb checkpoint,4.12,success
2026-05-13T133349Z,i-056f3061f47031643,r8id.32xlarge,128,EBS,ebs,,parquet_to_duckdb,Parquet -> mydb.duckdb,no_wal_writes,no_wal_writes CHECKPOINT,checkpoint,64,64,2026-05-13T13:37:32.547238+00:00,36,3.611,83.018,9.98,0.08,0.077969,0.155938,EBS: no_wal_writes threads=64 parquet_to_duckdb checkpoint,4.12,success
2026-05-13T133349Z,i-056f3061f47031643,r8id.32xlarge,128,EBS,ebs,,parquet_to_duckdb,Parquet -> mydb.duckdb,no_wal_writes,no_wal_writes CHECKPOINT,checkpoint,64,64,2026-05-13T13:37:32.647529+00:00,37,3.712,83.119,0,0,0,0,EBS: no_wal_writes threads=64 parquet_to_duckdb checkpoint,4.12,success
2026-05-13T133349Z,i-056f3061f47031643,r8id.32xlarge,128,EBS,ebs,,parquet_to_duckdb,Parquet -> mydb.duckdb,no_wal_writes,no_wal_writes CHECKPOINT,checkpoint,64,64,2026-05-13T13:37:32.747823+00:00,38,3.812,83.219,9.98,0.08,0.077969,0.155938,EBS: no_wal_writes threads=64 parquet_to_duckdb checkpoint,4.12,success
2026-05-13T133349Z,i-056f3061f47031643,r8id.32xlarge,128,EBS,ebs,,parquet_to_duckdb,Parquet -> mydb.duckdb,no_wal_writes,no_wal_writes CHECKPOINT,checkpoint,64,64,2026-05-13T13:37:32.849139+00:00,39,3.913,83.32,59.91,0.47,0.468047,0.936094,EBS: no_wal_writes threads=64 parquet_to_duckdb checkpoint,4.12,success
2026-05-13T133349Z,i-056f3061f47031643,r8id.32xlarge,128,EBS,ebs,,parquet_to_duckdb,Parquet -> mydb.duckdb,no_wal_writes,no_wal_writes CHECKPOINT,checkpoint,64,64,2026-05-13T13:37:32.949431+00:00,40,4.014,83.421,19.75,0.15,0.154297,0.308594,EBS: no_wal_writes threads=64 parquet_to_duckdb checkpoint,4.12,success
2026-05-13T133349Z,i-056f3061f47031643,r8id.32xlarge,128,SSD,raid0_ssd,,parquet_to_duckdb,Parquet -> mydb.duckdb,baseline,Vanilla baseline,baseline,64,64,2026-05-13T13:38:50.273694+00:00,0,0,160.745,121.23,0.95,0.947109,1.894219,SSD: baseline threads=64 parquet_to_duckdb ctas,6.5,success
2026-05-13T133349Z,i-056f3061f47031643,r8id.32xlarge,128,SSD,raid0_ssd,,parquet_to_duckdb,Parquet -> mydb.duckdb,baseline,Vanilla baseline,baseline,64,64,2026-05-13T13:38:50.374158+00:00,1,0.1,160.845,6385.04,49.88,49.883125,99.76625,SSD: baseline threads=64 parquet_to_duckdb ctas,6.5,success
2026-05-13T133349Z,i-056f3061f47031643,r8id.32xlarge,128,SSD,raid0_ssd,,parquet_to_duckdb,Parquet -> mydb.duckdb,baseline,Vanilla baseline,baseline,64,64,2026-05-13T13:38:50.474698+00:00,2,0.201,160.946,6390.02,49.92,49.922031,99.844063,SSD: baseline threads=64 parquet_to_duckdb ctas,6.5,success
2026-05-13T133349Z,i-056f3061f47031643,r8id.32xlarge,128,SSD,raid0_ssd,,parquet_to_duckdb,Parquet -> mydb.duckdb,baseline,Vanilla baseline,baseline,64,64,2026-05-13T13:38:50.575247+00:00,3,0.301,161.046,6385.04,49.88,49.883125,99.76625,SSD: baseline threads=64 parquet_to_duckdb ctas,6.5,success
2026-05-13T133349Z,i-056f3061f47031643,r8id.32xlarge,128,SSD,raid0_ssd,,parquet_to_duckdb,Parquet -> mydb.duckdb,baseline,Vanilla baseline,baseline,64,64,2026-05-13T13:38:50.675853+00:00,4,0.402,161.147,6385.04,49.88,49.883125,99.76625,SSD: baseline threads=64 parquet_to_duckdb ctas,6.5,success
2026-05-13T133349Z,i-056f3061f47031643,r8id.32xlarge,128,SSD,raid0_ssd,,parquet_to_duckdb,Parquet -> mydb.duckdb,baseline,Vanilla baseline,baseline,64,64,2026-05-13T13:38:50.776408+00:00,5,0.503,161.248,6390.03,49.92,49.922109,99.844219,SSD: baseline threads=64 parquet_to_duckdb ctas,6.5,success
2026-05-13T133349Z,i-056f3061f47031643,r8id.32xlarge,128,SSD,raid0_ssd,,parquet_to_duckdb,Parquet -> mydb.duckdb,baseline,Vanilla baseline,baseline,64,64,2026-05-13T13:38:50.877008+00:00,6,0.603,161.348,6380.06,49.84,49.844219,99.688438,SSD: baseline threads=64 parquet_to_duckdb ctas,6.5,success
2026-05-13T133349Z,i-056f3061f47031643,r8id.32xlarge,128,SSD,raid0_ssd,,parquet_to_duckdb,Parquet -> mydb.duckdb,baseline,Vanilla baseline,baseline,64,64,2026-05-13T13:38:50.977587+00:00,7,0.704,161.449,6375.02,49.8,49.804844,99.609688,SSD: baseline threads=64 parquet_to_duckdb ctas,6.5,success
2026-05-13T133349Z,i-056f3061f47031643,r8id.32xlarge,128,SSD,raid0_ssd,,parquet_to_duckdb,Parquet -> mydb.duckdb,baseline,Vanilla baseline,baseline,64,64,2026-05-13T13:38:51.078176+00:00,8,0.804,161.549,6204.24,48.47,48.470625,96.94125,SSD: baseline threads=64 parquet_to_duckdb ctas,6.5,success
2026-05-13T133349Z,i-056f3061f47031643,r8id.32xlarge,128,SSD,raid0_ssd,,parquet_to_duckdb,Parquet -> mydb.duckdb,baseline,Vanilla baseline,baseline,64,64,2026-05-13T13:38:51.178709+00:00,9,0.905,161.65,6508.31,50.85,50.846172,101.692344,SSD: baseline threads=64 parquet_to_duckdb ctas,6.5,success
2026-05-13T133349Z,i-056f3061f47031643,r8id.32xlarge,128,SSD,raid0_ssd,,parquet_to_duckdb,Parquet -> mydb.duckdb,baseline,Vanilla baseline,baseline,64,64,2026-05-13T13:38:51.279279+00:00,10,1.005,161.75,6370.14,49.77,49.766719,99.533438,SSD: baseline threads=64 parquet_to_duckdb ctas,6.5,success
2026-05-13T133349Z,i-056f3061f47031643,r8id.32xlarge,128,SSD,raid0_ssd,,parquet_to_duckdb,Parquet -> mydb.duckdb,baseline,Vanilla baseline,baseline,64,64,2026-05-13T13:38:51.379852+00:00,11,1.106,161.851,6355.31,49.65,49.650859,99.301719,SSD: baseline threads=64 parquet_to_duckdb ctas,6.5,success
2026-05-13T133349Z,i-056f3061f47031643,r8id.32xlarge,128,SSD,raid0_ssd,,parquet_to_duckdb,Parquet -> mydb.duckdb,baseline,Vanilla baseline,baseline,64,64,2026-05-13T13:38:51.480405+00:00,12,1.207,161.952,6350.16,49.61,49.610625,99.22125,SSD: baseline threads=64 parquet_to_duckdb ctas,6.5,success
2026-05-13T133349Z,i-056f3061f47031643,r8id.32xlarge,128,SSD,raid0_ssd,,parquet_to_duckdb,Parquet -> mydb.duckdb,baseline,Vanilla baseline,baseline,64,64,2026-05-13T13:38:51.580947+00:00,13,1.307,162.052,6324.71,49.41,49.411797,98.823594,SSD: baseline threads=64 parquet_to_duckdb ctas,6.5,success
2026-05-13T133349Z,i-056f3061f47031643,r8id.32xlarge,128,SSD,raid0_ssd,,parquet_to_duckdb,Parquet -> mydb.duckdb,baseline,Vanilla baseline,baseline,64,64,2026-05-13T13:38:51.681533+00:00,14,1.408,162.153,6370.14,49.77,49.766719,99.533438,SSD: baseline threads=64 parquet_to_duckdb ctas,6.5,success
2026-05-13T133349Z,i-056f3061f47031643,r8id.32xlarge,128,SSD,raid0_ssd,,parquet_to_duckdb,Parquet -> mydb.duckdb,baseline,Vanilla baseline,baseline,64,64,2026-05-13T13:38:51.782091+00:00,15,1.508,162.253,6370.14,49.77,49.766719,99.533438,SSD: baseline threads=64 parquet_to_duckdb ctas,6.5,success
2026-05-13T133349Z,i-056f3061f47031643,r8id.32xlarge,128,SSD,raid0_ssd,,parquet_to_duckdb,Parquet -> mydb.duckdb,baseline,Vanilla baseline,baseline,64,64,2026-05-13T13:38:51.882626+00:00,16,1.609,162.354,6314.8,49.33,49.334375,98.66875,SSD: baseline threads=64 parquet_to_duckdb ctas,6.5,success
2026-05-13T133349Z,i-056f3061f47031643,r8id.32xlarge,128,SSD,raid0_ssd,,parquet_to_duckdb,Parquet -> mydb.duckdb,baseline,Vanilla baseline,baseline,64,64,2026-05-13T13:38:51.983182+00:00,17,1.709,162.454,6375.1,49.81,49.805469,99.610938,SSD: baseline threads=64 parquet_to_duckdb ctas,6.5,success
2026-05-13T133349Z,i-056f3061f47031643,r8id.32xlarge,128,SSD,raid0_ssd,,parquet_to_duckdb,Parquet -> mydb.duckdb,baseline,Vanilla baseline,baseline,64,64,2026-05-13T13:38:52.083768+00:00,18,1.81,162.555,6355.11,49.65,49.649297,99.298594,SSD: baseline threads=64 parquet_to_duckdb ctas,6.5,success
2026-05-13T133349Z,i-056f3061f47031643,r8id.32xlarge,128,SSD,raid0_ssd,,parquet_to_duckdb,Parquet -> mydb.duckdb,baseline,Vanilla baseline,baseline,64,64,2026-05-13T13:38:52.184321+00:00,19,1.911,162.656,6355.11,49.65,49.649297,99.298594,SSD: baseline threads=64 parquet_to_duckdb ctas,6.5,success
2026-05-13T133349Z,i-056f3061f47031643,r8id.32xlarge,128,SSD,raid0_ssd,,parquet_to_duckdb,Parquet -> mydb.duckdb,baseline,Vanilla baseline,baseline,64,64,2026-05-13T13:38:52.284889+00:00,20,2.011,162.756,6296.54,49.19,49.191719,98.383437,SSD: baseline threads=64 parquet_to_duckdb ctas,6.5,success
2026-05-13T133349Z,i-056f3061f47031643,r8id.32xlarge,128,SSD,raid0_ssd,,parquet_to_duckdb,Parquet -> mydb.duckdb,baseline,Vanilla baseline,baseline,64,64,2026-05-13T13:38:52.385468+00:00,21,2.112,162.857,6380.06,49.84,49.844219,99.688438,SSD: baseline threads=64 parquet_to_duckdb ctas,6.5,success
2026-05-13T133349Z,i-056f3061f47031643,r8id.32xlarge,128,SSD,raid0_ssd,,parquet_to_duckdb,Parquet -> mydb.duckdb,baseline,Vanilla baseline,baseline,64,64,2026-05-13T13:38:52.485998+00:00,22,2.212,162.957,6385.04,49.88,49.883125,99.76625,SSD: baseline threads=64 parquet_to_duckdb ctas,6.5,success
2026-05-13T133349Z,i-056f3061f47031643,r8id.32xlarge,128,SSD,raid0_ssd,,parquet_to_duckdb,Parquet -> mydb.duckdb,baseline,Vanilla baseline,baseline,64,64,2026-05-13T13:38:52.586546+00:00,23,2.313,163.058,6380.06,49.84,49.844219,99.688438,SSD: baseline threads=64 parquet_to_duckdb ctas,6.5,success
2026-05-13T133349Z,i-056f3061f47031643,r8id.32xlarge,128,SSD,raid0_ssd,,parquet_to_duckdb,Parquet -> mydb.duckdb,baseline,Vanilla baseline,baseline,64,64,2026-05-13T13:38:52.687123+00:00,24,2.413,163.158,6385.06,49.88,49.883281,99.766563,SSD: baseline threads=64 parquet_to_duckdb ctas,6.5,success
2026-05-13T133349Z,i-056f3061f47031643,r8id.32xlarge,128,SSD,raid0_ssd,,parquet_to_duckdb,Parquet -> mydb.duckdb,baseline,Vanilla baseline,baseline,64,64,2026-05-13T13:38:52.787709+00:00,25,2.514,163.259,6385.04,49.88,49.883125,99.76625,SSD: baseline threads=64 parquet_to_duckdb ctas,6.5,success
2026-05-13T133349Z,i-056f3061f47031643,r8id.32xlarge,128,SSD,raid0_ssd,,parquet_to_duckdb,Parquet -> mydb.duckdb,baseline,Vanilla baseline,baseline,64,64,2026-05-13T13:38:52.888271+00:00,26,2.614,163.359,6380.09,49.84,49.844453,99.688906,SSD: baseline threads=64 parquet_to_duckdb ctas,6.5,success
2026-05-13T133349Z,i-056f3061f47031643,r8id.32xlarge,128,SSD,raid0_ssd,,parquet_to_duckdb,Parquet -> mydb.duckdb,baseline,Vanilla baseline,baseline,64,64,2026-05-13T13:38:52.988815+00:00,27,2.715,163.46,6657.14,52.01,52.008906,104.017813,SSD: baseline threads=64 parquet_to_duckdb ctas,6.5,success
2026-05-13T133349Z,i-056f3061f47031643,r8id.32xlarge,128,SSD,raid0_ssd,,parquet_to_duckdb,Parquet -> mydb.duckdb,baseline,Vanilla baseline,baseline,64,64,2026-05-13T13:38:53.089410+00:00,28,2.816,163.561,6309.86,49.3,49.295781,98.591562,SSD: baseline threads=64 parquet_to_duckdb ctas,6.5,success
2026-05-13T133349Z,i-056f3061f47031643,r8id.32xlarge,128,SSD,raid0_ssd,,parquet_to_duckdb,Parquet -> mydb.duckdb,baseline,Vanilla baseline,baseline,64,64,2026-05-13T13:38:53.189926+00:00,29,2.916,163.661,4333.54,33.86,33.855781,67.711562,SSD: baseline threads=64 parquet_to_duckdb ctas,6.5,success
2026-05-13T133349Z,i-056f3061f47031643,r8id.32xlarge,128,SSD,raid0_ssd,,parquet_to_duckdb,Parquet -> mydb.duckdb,baseline,Vanilla baseline,baseline,64,64,2026-05-13T13:38:53.290376+00:00,30,3.017,163.762,3907.79,30.53,30.529609,61.059219,SSD: baseline threads=64 parquet_to_duckdb ctas,6.5,success
2026-05-13T133349Z,i-056f3061f47031643,r8id.32xlarge,128,SSD,raid0_ssd,,parquet_to_duckdb,Parquet -> mydb.duckdb,baseline,Vanilla baseline,baseline,64,64,2026-05-13T13:38:53.390805+00:00,31,3.117,163.862,1586.2,12.39,12.392188,24.784375,SSD: baseline threads=64 parquet_to_duckdb ctas,6.5,success
2026-05-13T133349Z,i-056f3061f47031643,r8id.32xlarge,128,SSD,raid0_ssd,,parquet_to_duckdb,Parquet -> mydb.duckdb,baseline,Vanilla baseline,baseline,64,64,2026-05-13T13:38:53.491242+00:00,32,3.217,163.962,99.53,0.78,0.777578,1.555156,SSD: baseline threads=64 parquet_to_duckdb ctas,6.5,success
2026-05-13T133349Z,i-056f3061f47031643,r8id.32xlarge,128,SSD,raid0_ssd,,parquet_to_duckdb,Parquet -> mydb.duckdb,baseline,Vanilla baseline,baseline,64,64,2026-05-13T13:38:53.591590+00:00,33,3.318,164.063,99.69,0.78,0.778828,1.557656,SSD: baseline threads=64 parquet_to_duckdb ctas,6.5,success
2026-05-13T133349Z,i-056f3061f47031643,r8id.32xlarge,128,SSD,raid0_ssd,,parquet_to_duckdb,Parquet -> mydb.duckdb,baseline,Vanilla baseline,baseline,64,64,2026-05-13T13:38:53.691965+00:00,34,3.418,164.163,220.17,1.72,1.720078,3.440156,SSD: baseline threads=64 parquet_to_duckdb ctas,6.5,success
2026-05-13T133349Z,i-056f3061f47031643,r8id.32xlarge,128,SSD,raid0_ssd,,parquet_to_duckdb,Parquet -> mydb.duckdb,baseline,Vanilla baseline,baseline,64,64,2026-05-13T13:38:53.792275+00:00,35,3.518,164.263,149.65,1.17,1.169141,2.338281,SSD: baseline threads=64 parquet_to_duckdb ctas,6.5,success
2026-05-13T133349Z,i-056f3061f47031643,r8id.32xlarge,128,SSD,raid0_ssd,,parquet_to_duckdb,Parquet -> mydb.duckdb,baseline,Vanilla baseline,baseline,64,64,2026-05-13T13:38:53.892622+00:00,36,3.619,164.364,99.69,0.78,0.778828,1.557656,SSD: baseline threads=64 parquet_to_duckdb ctas,6.5,success
2026-05-13T133349Z,i-056f3061f47031643,r8id.32xlarge,128,SSD,raid0_ssd,,parquet_to_duckdb,Parquet -> mydb.duckdb,baseline,Vanilla baseline,baseline,64,64,2026-05-13T13:38:53.992994+00:00,37,3.719,164.464,109.57,0.86,0.856016,1.712031,SSD: baseline threads=64 parquet_to_duckdb ctas,6.5,success
2026-05-13T133349Z,i-056f3061f47031643,r8id.32xlarge,128,SSD,raid0_ssd,,parquet_to_duckdb,Parquet -> mydb.duckdb,baseline,Vanilla baseline,baseline,64,64,2026-05-13T13:38:54.093291+00:00,38,3.819,164.564,99.77,0.78,0.779453,1.558906,SSD: baseline threads=64 parquet_to_duckdb ctas,6.5,success
2026-05-13T133349Z,i-056f3061f47031643,r8id.32xlarge,128,SSD,raid0_ssd,,parquet_to_duckdb,Parquet -> mydb.duckdb,baseline,Vanilla baseline,baseline,64,64,2026-05-13T13:38:54.193632+00:00,39,3.92,164.665,99.77,0.78,0.779453,1.558906,SSD: baseline threads=64 parquet_to_duckdb ctas,6.5,success
2026-05-13T133349Z,i-056f3061f47031643,r8id.32xlarge,128,SSD,raid0_ssd,,parquet_to_duckdb,Parquet -> mydb.duckdb,baseline,Vanilla baseline,baseline,64,64,2026-05-13T13:38:54.293936+00:00,40,4.02,164.765,99.69,0.78,0.778828,1.557656,SSD: baseline threads=64 parquet_to_duckdb ctas,6.5,success
2026-05-13T133349Z,i-056f3061f47031643,r8id.32xlarge,128,SSD,raid0_ssd,,parquet_to_duckdb,Parquet -> mydb.duckdb,baseline,Vanilla baseline,baseline,64,64,2026-05-13T13:38:54.394245+00:00,41,4.12,164.865,109.66,0.86,0.856719,1.713437,SSD: baseline threads=64 parquet_to_duckdb ctas,6.5,success
2026-05-13T133349Z,i-056f3061f47031643,r8id.32xlarge,128,SSD,raid0_ssd,,parquet_to_duckdb,Parquet -> mydb.duckdb,baseline,Vanilla baseline,baseline,64,64,2026-05-13T13:38:54.494584+00:00,42,4.221,164.966,189.56,1.48,1.480938,2.961875,SSD: baseline threads=64 parquet_to_duckdb ctas,6.5,success
2026-05-13T133349Z,i-056f3061f47031643,r8id.32xlarge,128,SSD,raid0_ssd,,parquet_to_duckdb,Parquet -> mydb.duckdb,baseline,Vanilla baseline,baseline,64,64,2026-05-13T13:38:54.594929+00:00,43,4.321,165.066,209.18,1.63,1.634219,3.268438,SSD: baseline threads=64 parquet_to_duckdb ctas,6.5,success
2026-05-13T133349Z,i-056f3061f47031643,r8id.32xlarge,128,SSD,raid0_ssd,,parquet_to_duckdb,Parquet -> mydb.duckdb,baseline,Vanilla baseline,baseline,64,64,2026-05-13T13:38:54.695470+00:00,44,4.422,165.167,199.07,1.56,1.555234,3.110469,SSD: baseline threads=64 parquet_to_duckdb ctas,6.5,success
2026-05-13T133349Z,i-056f3061f47031643,r8id.32xlarge,128,SSD,raid0_ssd,,parquet_to_duckdb,Parquet -> mydb.duckdb,baseline,Vanilla baseline,baseline,64,64,2026-05-13T13:38:54.795888+00:00,45,4.522,165.267,199.38,1.56,1.557656,3.115312,SSD: baseline threads=64 parquet_to_duckdb ctas,6.5,success
2026-05-13T133349Z,i-056f3061f47031643,r8id.32xlarge,128,SSD,raid0_ssd,,parquet_to_duckdb,Parquet -> mydb.duckdb,baseline,Vanilla baseline,baseline,64,64,2026-05-13T13:38:54.896223+00:00,46,4.622,165.367,209.35,1.64,1.635547,3.271094,SSD: baseline threads=64 parquet_to_duckdb ctas,6.5,success
2026-05-13T133349Z,i-056f3061f47031643,r8id.32xlarge,128,SSD,raid0_ssd,,parquet_to_duckdb,Parquet -> mydb.duckdb,baseline,Vanilla baseline,baseline,64,64,2026-05-13T13:38:54.996556+00:00,47,4.723,165.468,209.35,1.64,1.635547,3.271094,SSD: baseline threads=64 parquet_to_duckdb ctas,6.5,success
2026-05-13T133349Z,i-056f3061f47031643,r8id.32xlarge,128,SSD,raid0_ssd,,parquet_to_duckdb,Parquet -> mydb.duckdb,baseline,Vanilla baseline,baseline,64,64,2026-05-13T13:38:55.096929+00:00,48,4.823,165.568,199.38,1.56,1.557656,3.115312,SSD: baseline threads=64 parquet_to_duckdb ctas,6.5,success
2026-05-13T133349Z,i-056f3061f47031643,r8id.32xlarge,128,SSD,raid0_ssd,,parquet_to_duckdb,Parquet -> mydb.duckdb,baseline,Vanilla baseline,baseline,64,64,2026-05-13T13:38:55.197289+00:00,49,4.923,165.668,219.14,1.71,1.712031,3.424062,SSD: baseline threads=64 parquet_to_duckdb ctas,6.5,success
2026-05-13T133349Z,i-056f3061f47031643,r8id.32xlarge,128,SSD,raid0_ssd,,parquet_to_duckdb,Parquet -> mydb.duckdb,baseline,Vanilla baseline,baseline,64,64,2026-05-13T13:38:55.297682+00:00,50,5.024,165.769,209.35,1.64,1.635547,3.271094,SSD: baseline threads=64 parquet_to_duckdb ctas,6.5,success
2026-05-13T133349Z,i-056f3061f47031643,r8id.32xlarge,128,SSD,raid0_ssd,,parquet_to_duckdb,Parquet -> mydb.duckdb,baseline,Vanilla baseline,baseline,64,64,2026-05-13T13:38:55.398034+00:00,51,5.124,165.869,199.53,1.56,1.558828,3.117656,SSD: baseline threads=64 parquet_to_duckdb ctas,6.5,success
2026-05-13T133349Z,i-056f3061f47031643,r8id.32xlarge,128,SSD,raid0_ssd,,parquet_to_duckdb,Parquet -> mydb.duckdb,baseline,Vanilla baseline,baseline,64,64,2026-05-13T13:38:55.498382+00:00,52,5.225,165.97,238.69,1.86,1.864766,3.729531,SSD: baseline threads=64 parquet_to_duckdb ctas,6.5,success
2026-05-13T133349Z,i-056f3061f47031643,r8id.32xlarge,128,SSD,raid0_ssd,,parquet_to_duckdb,Parquet -> mydb.duckdb,baseline,Vanilla baseline,baseline,64,64,2026-05-13T13:38:55.598802+00:00,53,5.325,166.07,209.18,1.63,1.634219,3.268438,SSD: baseline threads=64 parquet_to_duckdb ctas,6.5,success
2026-05-13T133349Z,i-056f3061f47031643,r8id.32xlarge,128,SSD,raid0_ssd,,parquet_to_duckdb,Parquet -> mydb.duckdb,baseline,Vanilla baseline,baseline,64,64,2026-05-13T13:38:55.699141+00:00,54,5.425,166.17,209.35,1.64,1.635547,3.271094,SSD: baseline threads=64 parquet_to_duckdb ctas,6.5,success
2026-05-13T133349Z,i-056f3061f47031643,r8id.32xlarge,128,SSD,raid0_ssd,,parquet_to_duckdb,Parquet -> mydb.duckdb,baseline,Vanilla baseline,baseline,64,64,2026-05-13T13:38:55.799523+00:00,55,5.526,166.271,209.35,1.64,1.635547,3.271094,SSD: baseline threads=64 parquet_to_duckdb ctas,6.5,success
2026-05-13T133349Z,i-056f3061f47031643,r8id.32xlarge,128,SSD,raid0_ssd,,parquet_to_duckdb,Parquet -> mydb.duckdb,baseline,Vanilla baseline,baseline,64,64,2026-05-13T13:38:55.899849+00:00,56,5.626,166.371,169.47,1.32,1.323984,2.647969,SSD: baseline threads=64 parquet_to_duckdb ctas,6.5,success
2026-05-13T133349Z,i-056f3061f47031643,r8id.32xlarge,128,SSD,raid0_ssd,,parquet_to_duckdb,Parquet -> mydb.duckdb,baseline,Vanilla baseline,baseline,64,64,2026-05-13T13:38:56.000141+00:00,57,5.726,166.471,109.74,0.86,0.857344,1.714687,SSD: baseline threads=64 parquet_to_duckdb ctas,6.5,success
2026-05-13T133349Z,i-056f3061f47031643,r8id.32xlarge,128,SSD,raid0_ssd,,parquet_to_duckdb,Parquet -> mydb.duckdb,baseline,Vanilla baseline,baseline,64,64,2026-05-13T13:38:56.100427+00:00,58,5.827,166.572,119.63,0.93,0.934609,1.869219,SSD: baseline threads=64 parquet_to_duckdb ctas,6.5,success
2026-05-13T133349Z,i-056f3061f47031643,r8id.32xlarge,128,SSD,raid0_ssd,,parquet_to_duckdb,Parquet -> mydb.duckdb,baseline,Vanilla baseline,baseline,64,64,2026-05-13T13:38:56.200704+00:00,59,5.927,166.672,99.92,0.78,0.780625,1.56125,SSD: baseline threads=64 parquet_to_duckdb ctas,6.5,success
2026-05-13T133349Z,i-056f3061f47031643,r8id.32xlarge,128,SSD,raid0_ssd,,parquet_to_duckdb,Parquet -> mydb.duckdb,baseline,Vanilla baseline,baseline,64,64,2026-05-13T13:38:56.301006+00:00,60,6.027,166.772,119.81,0.94,0.936016,1.872031,SSD: baseline threads=64 parquet_to_duckdb ctas,6.5,success
2026-05-13T133349Z,i-056f3061f47031643,r8id.32xlarge,128,SSD,raid0_ssd,,parquet_to_duckdb,Parquet -> mydb.duckdb,baseline,Vanilla baseline,baseline,64,64,2026-05-13T13:38:56.401300+00:00,61,6.128,166.873,110.09,0.86,0.860078,1.720156,SSD: baseline threads=64 parquet_to_duckdb ctas,6.5,success
2026-05-13T133349Z,i-056f3061f47031643,r8id.32xlarge,128,SSD,raid0_ssd,,parquet_to_duckdb,Parquet -> mydb.duckdb,baseline,Vanilla baseline,baseline,64,64,2026-05-13T13:38:56.501612+00:00,62,6.228,166.973,1442.8,11.27,11.271875,22.54375,SSD: baseline threads=64 parquet_to_duckdb close connection,6.5,success
2026-05-13T133349Z,i-056f3061f47031643,r8id.32xlarge,128,SSD,raid0_ssd,,parquet_to_duckdb,Parquet -> mydb.duckdb,baseline,Vanilla baseline,baseline,64,64,2026-05-13T13:38:56.601976+00:00,63,6.328,167.073,109.74,0.86,0.857344,1.714687,SSD: baseline threads=64 parquet_to_duckdb close connection,6.5,success
2026-05-13T133349Z,i-056f3061f47031643,r8id.32xlarge,128,SSD,raid0_ssd,,parquet_to_duckdb,Parquet -> mydb.duckdb,baseline,Vanilla baseline,baseline,64,64,2026-05-13T13:38:56.702306+00:00,64,6.429,167.174,99.77,0.78,0.779453,1.558906,SSD: baseline threads=64 parquet_to_duckdb close connection,6.5,success
2026-05-13T133349Z,i-056f3061f47031643,r8id.32xlarge,128,SSD,raid0_ssd,,parquet_to_duckdb,Parquet -> mydb.duckdb,no_wal_writes,no_wal_writes CTAS,ctas,64,64,2026-05-13T13:39:03.131263+00:00,0,0,173.602,993.79,7.76,7.763984,15.527969,SSD: no_wal_writes threads=64 parquet_to_duckdb ctas,5.64,success
2026-05-13T133349Z,i-056f3061f47031643,r8id.32xlarge,128,SSD,raid0_ssd,,parquet_to_duckdb,Parquet -> mydb.duckdb,no_wal_writes,no_wal_writes CTAS,ctas,64,64,2026-05-13T13:39:03.231760+00:00,1,0.101,173.703,6495.67,50.75,50.747422,101.494844,SSD: no_wal_writes threads=64 parquet_to_duckdb ctas,5.64,success
2026-05-13T133349Z,i-056f3061f47031643,r8id.32xlarge,128,SSD,raid0_ssd,,parquet_to_duckdb,Parquet -> mydb.duckdb,no_wal_writes,no_wal_writes CTAS,ctas,64,64,2026-05-13T13:39:03.332301+00:00,2,0.202,173.804,6445.18,50.35,50.352969,100.705938,SSD: no_wal_writes threads=64 parquet_to_duckdb ctas,5.64,success
2026-05-13T133349Z,i-056f3061f47031643,r8id.32xlarge,128,SSD,raid0_ssd,,parquet_to_duckdb,Parquet -> mydb.duckdb,no_wal_writes,no_wal_writes CTAS,ctas,64,64,2026-05-13T13:39:03.432875+00:00,3,0.302,173.904,6415.04,50.12,50.1175,100.235,SSD: no_wal_writes threads=64 parquet_to_duckdb ctas,5.64,success
2026-05-13T133349Z,i-056f3061f47031643,r8id.32xlarge,128,SSD,raid0_ssd,,parquet_to_duckdb,Parquet -> mydb.duckdb,no_wal_writes,no_wal_writes CTAS,ctas,64,64,2026-05-13T13:39:03.533456+00:00,4,0.403,174.005,6430,50.23,50.234375,100.46875,SSD: no_wal_writes threads=64 parquet_to_duckdb ctas,5.64,success
2026-05-13T133349Z,i-056f3061f47031643,r8id.32xlarge,128,SSD,raid0_ssd,,parquet_to_duckdb,Parquet -> mydb.duckdb,no_wal_writes,no_wal_writes CTAS,ctas,64,64,2026-05-13T13:39:03.634021+00:00,5,0.503,174.105,6430,50.23,50.234375,100.46875,SSD: no_wal_writes threads=64 parquet_to_duckdb ctas,5.64,success
2026-05-13T133349Z,i-056f3061f47031643,r8id.32xlarge,128,SSD,raid0_ssd,,parquet_to_duckdb,Parquet -> mydb.duckdb,no_wal_writes,no_wal_writes CTAS,ctas,64,64,2026-05-13T13:39:03.734588+00:00,6,0.604,174.206,6865.63,53.64,53.637734,107.275469,SSD: no_wal_writes threads=64 parquet_to_duckdb ctas,5.64,success
2026-05-13T133349Z,i-056f3061f47031643,r8id.32xlarge,128,SSD,raid0_ssd,,parquet_to_duckdb,Parquet -> mydb.duckdb,no_wal_writes,no_wal_writes CTAS,ctas,64,64,2026-05-13T13:39:03.835189+00:00,7,0.704,174.306,6360.06,49.69,49.687969,99.375938,SSD: no_wal_writes threads=64 parquet_to_duckdb ctas,5.64,success
2026-05-13T133349Z,i-056f3061f47031643,r8id.32xlarge,128,SSD,raid0_ssd,,parquet_to_duckdb,Parquet -> mydb.duckdb,no_wal_writes,no_wal_writes CTAS,ctas,64,64,2026-05-13T13:39:03.935764+00:00,8,0.805,174.407,6142.79,47.99,47.990547,95.981094,SSD: no_wal_writes threads=64 parquet_to_duckdb ctas,5.64,success
2026-05-13T133349Z,i-056f3061f47031643,r8id.32xlarge,128,SSD,raid0_ssd,,parquet_to_duckdb,Parquet -> mydb.duckdb,no_wal_writes,no_wal_writes CTAS,ctas,64,64,2026-05-13T13:39:04.036328+00:00,9,0.906,174.508,6187.49,48.34,48.339766,96.679531,SSD: no_wal_writes threads=64 parquet_to_duckdb ctas,5.64,success
2026-05-13T133349Z,i-056f3061f47031643,r8id.32xlarge,128,SSD,raid0_ssd,,parquet_to_duckdb,Parquet -> mydb.duckdb,no_wal_writes,no_wal_writes CTAS,ctas,64,64,2026-05-13T13:39:04.136925+00:00,10,1.006,174.608,6340.47,49.53,49.534922,99.069844,SSD: no_wal_writes threads=64 parquet_to_duckdb ctas,5.64,success
2026-05-13T133349Z,i-056f3061f47031643,r8id.32xlarge,128,SSD,raid0_ssd,,parquet_to_duckdb,Parquet -> mydb.duckdb,no_wal_writes,no_wal_writes CTAS,ctas,64,64,2026-05-13T13:39:04.237495+00:00,11,1.107,174.709,6189.34,48.35,48.354219,96.708438,SSD: no_wal_writes threads=64 parquet_to_duckdb ctas,5.64,success
2026-05-13T133349Z,i-056f3061f47031643,r8id.32xlarge,128,SSD,raid0_ssd,,parquet_to_duckdb,Parquet -> mydb.duckdb,no_wal_writes,no_wal_writes CTAS,ctas,64,64,2026-05-13T13:39:04.338049+00:00,12,1.207,174.809,6295.57,49.18,49.184141,98.368281,SSD: no_wal_writes threads=64 parquet_to_duckdb ctas,5.64,success
2026-05-13T133349Z,i-056f3061f47031643,r8id.32xlarge,128,SSD,raid0_ssd,,parquet_to_duckdb,Parquet -> mydb.duckdb,no_wal_writes,no_wal_writes CTAS,ctas,64,64,2026-05-13T13:39:04.438605+00:00,13,1.308,174.91,6605.83,51.61,51.608047,103.216094,SSD: no_wal_writes threads=64 parquet_to_duckdb ctas,5.64,success
2026-05-13T133349Z,i-056f3061f47031643,r8id.32xlarge,128,SSD,raid0_ssd,,parquet_to_duckdb,Parquet -> mydb.duckdb,no_wal_writes,no_wal_writes CTAS,ctas,64,64,2026-05-13T13:39:04.539181+00:00,14,1.408,175.01,6304.78,49.26,49.256094,98.512187,SSD: no_wal_writes threads=64 parquet_to_duckdb ctas,5.64,success
2026-05-13T133349Z,i-056f3061f47031643,r8id.32xlarge,128,SSD,raid0_ssd,,parquet_to_duckdb,Parquet -> mydb.duckdb,no_wal_writes,no_wal_writes CTAS,ctas,64,64,2026-05-13T13:39:04.639735+00:00,15,1.509,175.111,6324.94,49.41,49.413594,98.827187,SSD: no_wal_writes threads=64 parquet_to_duckdb ctas,5.64,success
2026-05-13T133349Z,i-056f3061f47031643,r8id.32xlarge,128,SSD,raid0_ssd,,parquet_to_duckdb,Parquet -> mydb.duckdb,no_wal_writes,no_wal_writes CTAS,ctas,64,64,2026-05-13T13:39:04.740282+00:00,16,1.61,175.212,6355.24,49.65,49.650312,99.300625,SSD: no_wal_writes threads=64 parquet_to_duckdb ctas,5.64,success
2026-05-13T133349Z,i-056f3061f47031643,r8id.32xlarge,128,SSD,raid0_ssd,,parquet_to_duckdb,Parquet -> mydb.duckdb,no_wal_writes,no_wal_writes CTAS,ctas,64,64,2026-05-13T13:39:04.840823+00:00,17,1.71,175.312,6385.04,49.88,49.883125,99.76625,SSD: no_wal_writes threads=64 parquet_to_duckdb ctas,5.64,success
2026-05-13T133349Z,i-056f3061f47031643,r8id.32xlarge,128,SSD,raid0_ssd,,parquet_to_duckdb,Parquet -> mydb.duckdb,no_wal_writes,no_wal_writes CTAS,ctas,64,64,2026-05-13T13:39:04.941416+00:00,18,1.811,175.413,6370.09,49.77,49.766328,99.532656,SSD: no_wal_writes threads=64 parquet_to_duckdb ctas,5.64,success
2026-05-13T133349Z,i-056f3061f47031643,r8id.32xlarge,128,SSD,raid0_ssd,,parquet_to_duckdb,Parquet -> mydb.duckdb,no_wal_writes,no_wal_writes CTAS,ctas,64,64,2026-05-13T13:39:05.041960+00:00,19,1.911,175.513,6299.37,49.21,49.213828,98.427656,SSD: no_wal_writes threads=64 parquet_to_duckdb ctas,5.64,success
2026-05-13T133349Z,i-056f3061f47031643,r8id.32xlarge,128,SSD,raid0_ssd,,parquet_to_duckdb,Parquet -> mydb.duckdb,no_wal_writes,no_wal_writes CTAS,ctas,64,64,2026-05-13T13:39:05.142507+00:00,20,2.012,175.614,6354.96,49.65,49.648125,99.29625,SSD: no_wal_writes threads=64 parquet_to_duckdb ctas,5.64,success
2026-05-13T133349Z,i-056f3061f47031643,r8id.32xlarge,128,SSD,raid0_ssd,,parquet_to_duckdb,Parquet -> mydb.duckdb,no_wal_writes,no_wal_writes CTAS,ctas,64,64,2026-05-13T13:39:05.243237+00:00,21,2.112,175.714,6350.31,49.61,49.611797,99.223594,SSD: no_wal_writes threads=64 parquet_to_duckdb ctas,5.64,success
2026-05-13T133349Z,i-056f3061f47031643,r8id.32xlarge,128,SSD,raid0_ssd,,parquet_to_duckdb,Parquet -> mydb.duckdb,no_wal_writes,no_wal_writes CTAS,ctas,64,64,2026-05-13T13:39:05.343848+00:00,22,2.213,175.815,6375.06,49.81,49.805156,99.610313,SSD: no_wal_writes threads=64 parquet_to_duckdb ctas,5.64,success
2026-05-13T133349Z,i-056f3061f47031643,r8id.32xlarge,128,SSD,raid0_ssd,,parquet_to_duckdb,Parquet -> mydb.duckdb,no_wal_writes,no_wal_writes CTAS,ctas,64,64,2026-05-13T13:39:05.444426+00:00,23,2.314,175.916,6375.06,49.81,49.805156,99.610313,SSD: no_wal_writes threads=64 parquet_to_duckdb ctas,5.64,success
2026-05-13T133349Z,i-056f3061f47031643,r8id.32xlarge,128,SSD,raid0_ssd,,parquet_to_duckdb,Parquet -> mydb.duckdb,no_wal_writes,no_wal_writes CTAS,ctas,64,64,2026-05-13T13:39:05.545019+00:00,24,2.414,176.016,6380.06,49.84,49.844219,99.688438,SSD: no_wal_writes threads=64 parquet_to_duckdb ctas,5.64,success
2026-05-13T133349Z,i-056f3061f47031643,r8id.32xlarge,128,SSD,raid0_ssd,,parquet_to_duckdb,Parquet -> mydb.duckdb,no_wal_writes,no_wal_writes CTAS,ctas,64,64,2026-05-13T13:39:05.645587+00:00,25,2.515,176.117,6380.06,49.84,49.844219,99.688438,SSD: no_wal_writes threads=64 parquet_to_duckdb ctas,5.64,success
2026-05-13T133349Z,i-056f3061f47031643,r8id.32xlarge,128,SSD,raid0_ssd,,parquet_to_duckdb,Parquet -> mydb.duckdb,no_wal_writes,no_wal_writes CTAS,ctas,64,64,2026-05-13T13:39:05.746138+00:00,26,2.615,176.217,6380.06,49.84,49.844219,99.688438,SSD: no_wal_writes threads=64 parquet_to_duckdb ctas,5.64,success
2026-05-13T133349Z,i-056f3061f47031643,r8id.32xlarge,128,SSD,raid0_ssd,,parquet_to_duckdb,Parquet -> mydb.duckdb,no_wal_writes,no_wal_writes CTAS,ctas,64,64,2026-05-13T13:39:05.846696+00:00,27,2.716,176.318,6360.06,49.69,49.687969,99.375938,SSD: no_wal_writes threads=64 parquet_to_duckdb ctas,5.64,success
2026-05-13T133349Z,i-056f3061f47031643,r8id.32xlarge,128,SSD,raid0_ssd,,parquet_to_duckdb,Parquet -> mydb.duckdb,no_wal_writes,no_wal_writes CTAS,ctas,64,64,2026-05-13T13:39:05.947293+00:00,28,2.817,176.419,6329.78,49.45,49.451406,98.902812,SSD: no_wal_writes threads=64 parquet_to_duckdb ctas,5.64,success
2026-05-13T133349Z,i-056f3061f47031643,r8id.32xlarge,128,SSD,raid0_ssd,,parquet_to_duckdb,Parquet -> mydb.duckdb,no_wal_writes,no_wal_writes CTAS,ctas,64,64,2026-05-13T13:39:06.047827+00:00,29,2.917,176.519,4471.1,34.93,34.930469,69.860938,SSD: no_wal_writes threads=64 parquet_to_duckdb ctas,5.64,success
2026-05-13T133349Z,i-056f3061f47031643,r8id.32xlarge,128,SSD,raid0_ssd,,parquet_to_duckdb,Parquet -> mydb.duckdb,no_wal_writes,no_wal_writes CTAS,ctas,64,64,2026-05-13T13:39:06.148346+00:00,30,3.018,176.62,3940.7,30.79,30.786719,61.573437,SSD: no_wal_writes threads=64 parquet_to_duckdb ctas,5.64,success
2026-05-13T133349Z,i-056f3061f47031643,r8id.32xlarge,128,SSD,raid0_ssd,,parquet_to_duckdb,Parquet -> mydb.duckdb,no_wal_writes,no_wal_writes CTAS,ctas,64,64,2026-05-13T13:39:06.248816+00:00,31,3.118,176.72,1480.41,11.57,11.565703,23.131406,SSD: no_wal_writes threads=64 parquet_to_duckdb ctas,5.64,success
2026-05-13T133349Z,i-056f3061f47031643,r8id.32xlarge,128,SSD,raid0_ssd,,parquet_to_duckdb,Parquet -> mydb.duckdb,no_wal_writes,no_wal_writes CTAS,ctas,64,64,2026-05-13T13:39:06.349177+00:00,32,3.218,176.82,99.69,0.78,0.778828,1.557656,SSD: no_wal_writes threads=64 parquet_to_duckdb ctas,5.64,success
2026-05-13T133349Z,i-056f3061f47031643,r8id.32xlarge,128,SSD,raid0_ssd,,parquet_to_duckdb,Parquet -> mydb.duckdb,no_wal_writes,no_wal_writes CTAS,ctas,64,64,2026-05-13T13:39:06.449485+00:00,33,3.319,176.921,99.69,0.78,0.778828,1.557656,SSD: no_wal_writes threads=64 parquet_to_duckdb ctas,5.64,success
2026-05-13T133349Z,i-056f3061f47031643,r8id.32xlarge,128,SSD,raid0_ssd,,parquet_to_duckdb,Parquet -> mydb.duckdb,no_wal_writes,no_wal_writes CTAS,ctas,64,64,2026-05-13T13:39:06.549791+00:00,34,3.419,177.021,139.56,1.09,1.090313,2.180625,SSD: no_wal_writes threads=64 parquet_to_duckdb ctas,5.64,success
2026-05-13T133349Z,i-056f3061f47031643,r8id.32xlarge,128,SSD,raid0_ssd,,parquet_to_duckdb,Parquet -> mydb.duckdb,no_wal_writes,no_wal_writes CTAS,ctas,64,64,2026-05-13T13:39:06.650091+00:00,35,3.519,177.121,149.65,1.17,1.169141,2.338281,SSD: no_wal_writes threads=64 parquet_to_duckdb ctas,5.64,success
2026-05-13T133349Z,i-056f3061f47031643,r8id.32xlarge,128,SSD,raid0_ssd,,parquet_to_duckdb,Parquet -> mydb.duckdb,no_wal_writes,no_wal_writes CTAS,ctas,64,64,2026-05-13T13:39:06.750383+00:00,36,3.62,177.222,109.66,0.86,0.856719,1.713437,SSD: no_wal_writes threads=64 parquet_to_duckdb ctas,5.64,success
2026-05-13T133349Z,i-056f3061f47031643,r8id.32xlarge,128,SSD,raid0_ssd,,parquet_to_duckdb,Parquet -> mydb.duckdb,no_wal_writes,no_wal_writes CTAS,ctas,64,64,2026-05-13T13:39:06.850722+00:00,37,3.72,177.322,99.77,0.78,0.779453,1.558906,SSD: no_wal_writes threads=64 parquet_to_duckdb ctas,5.64,success
2026-05-13T133349Z,i-056f3061f47031643,r8id.32xlarge,128,SSD,raid0_ssd,,parquet_to_duckdb,Parquet -> mydb.duckdb,no_wal_writes,no_wal_writes CTAS,ctas,64,64,2026-05-13T13:39:06.951030+00:00,38,3.82,177.422,109.66,0.86,0.856719,1.713437,SSD: no_wal_writes threads=64 parquet_to_duckdb ctas,5.64,success
2026-05-13T133349Z,i-056f3061f47031643,r8id.32xlarge,128,SSD,raid0_ssd,,parquet_to_duckdb,Parquet -> mydb.duckdb,no_wal_writes,no_wal_writes CTAS,ctas,64,64,2026-05-13T13:39:07.051342+00:00,39,3.921,177.523,109.66,0.86,0.856719,1.713437,SSD: no_wal_writes threads=64 parquet_to_duckdb ctas,5.64,success
2026-05-13T133349Z,i-056f3061f47031643,r8id.32xlarge,128,SSD,raid0_ssd,,parquet_to_duckdb,Parquet -> mydb.duckdb,no_wal_writes,no_wal_writes CTAS,ctas,64,64,2026-05-13T13:39:07.151645+00:00,40,4.021,177.623,99.69,0.78,0.778828,1.557656,SSD: no_wal_writes threads=64 parquet_to_duckdb ctas,5.64,success
2026-05-13T133349Z,i-056f3061f47031643,r8id.32xlarge,128,SSD,raid0_ssd,,parquet_to_duckdb,Parquet -> mydb.duckdb,no_wal_writes,no_wal_writes CTAS,ctas,64,64,2026-05-13T13:39:07.251996+00:00,41,4.121,177.723,109.66,0.86,0.856719,1.713437,SSD: no_wal_writes threads=64 parquet_to_duckdb ctas,5.64,success
2026-05-13T133349Z,i-056f3061f47031643,r8id.32xlarge,128,SSD,raid0_ssd,,parquet_to_duckdb,Parquet -> mydb.duckdb,no_wal_writes,no_wal_writes CTAS,ctas,64,64,2026-05-13T13:39:07.352297+00:00,42,4.222,177.824,109.66,0.86,0.856719,1.713437,SSD: no_wal_writes threads=64 parquet_to_duckdb ctas,5.64,success
2026-05-13T133349Z,i-056f3061f47031643,r8id.32xlarge,128,SSD,raid0_ssd,,parquet_to_duckdb,Parquet -> mydb.duckdb,no_wal_writes,no_wal_writes CTAS,ctas,64,64,2026-05-13T13:39:07.452687+00:00,43,4.322,177.924,109.57,0.86,0.856016,1.712031,SSD: no_wal_writes threads=64 parquet_to_duckdb ctas,5.64,success
2026-05-13T133349Z,i-056f3061f47031643,r8id.32xlarge,128,SSD,raid0_ssd,,parquet_to_duckdb,Parquet -> mydb.duckdb,no_wal_writes,no_wal_writes CTAS,ctas,64,64,2026-05-13T13:39:07.553006+00:00,44,4.422,178.024,99.69,0.78,0.778828,1.557656,SSD: no_wal_writes threads=64 parquet_to_duckdb ctas,5.64,success
2026-05-13T133349Z,i-056f3061f47031643,r8id.32xlarge,128,SSD,raid0_ssd,,parquet_to_duckdb,Parquet -> mydb.duckdb,no_wal_writes,no_wal_writes CTAS,ctas,64,64,2026-05-13T13:39:07.653301+00:00,45,4.523,178.125,99.77,0.78,0.779453,1.558906,SSD: no_wal_writes threads=64 parquet_to_duckdb ctas,5.64,success
2026-05-13T133349Z,i-056f3061f47031643,r8id.32xlarge,128,SSD,raid0_ssd,,parquet_to_duckdb,Parquet -> mydb.duckdb,no_wal_writes,no_wal_writes CTAS,ctas,64,64,2026-05-13T13:39:07.753656+00:00,46,4.623,178.225,169.47,1.32,1.323984,2.647969,SSD: no_wal_writes threads=64 parquet_to_duckdb ctas,5.64,success
2026-05-13T133349Z,i-056f3061f47031643,r8id.32xlarge,128,SSD,raid0_ssd,,parquet_to_duckdb,Parquet -> mydb.duckdb,no_wal_writes,no_wal_writes CTAS,ctas,64,64,2026-05-13T13:39:07.854028+00:00,47,4.723,178.325,209.35,1.64,1.635547,3.271094,SSD: no_wal_writes threads=64 parquet_to_duckdb ctas,5.64,success
2026-05-13T133349Z,i-056f3061f47031643,r8id.32xlarge,128,SSD,raid0_ssd,,parquet_to_duckdb,Parquet -> mydb.duckdb,no_wal_writes,no_wal_writes CTAS,ctas,64,64,2026-05-13T13:39:07.954421+00:00,48,4.824,178.426,199.38,1.56,1.557656,3.115312,SSD: no_wal_writes threads=64 parquet_to_duckdb ctas,5.64,success
2026-05-13T133349Z,i-056f3061f47031643,r8id.32xlarge,128,SSD,raid0_ssd,,parquet_to_duckdb,Parquet -> mydb.duckdb,no_wal_writes,no_wal_writes CTAS,ctas,64,64,2026-05-13T13:39:08.054798+00:00,49,4.924,178.526,209.67,1.64,1.638047,3.276094,SSD: no_wal_writes threads=64 parquet_to_duckdb ctas,5.64,success
2026-05-13T133349Z,i-056f3061f47031643,r8id.32xlarge,128,SSD,raid0_ssd,,parquet_to_duckdb,Parquet -> mydb.duckdb,no_wal_writes,no_wal_writes CTAS,ctas,64,64,2026-05-13T13:39:08.155248+00:00,50,5.024,178.626,209.67,1.64,1.638047,3.276094,SSD: no_wal_writes threads=64 parquet_to_duckdb ctas,5.64,success
2026-05-13T133349Z,i-056f3061f47031643,r8id.32xlarge,128,SSD,raid0_ssd,,parquet_to_duckdb,Parquet -> mydb.duckdb,no_wal_writes,no_wal_writes CTAS,ctas,64,64,2026-05-13T13:39:08.255658+00:00,51,5.125,178.727,199.22,1.56,1.556406,3.112812,SSD: no_wal_writes threads=64 parquet_to_duckdb ctas,5.64,success
2026-05-13T133349Z,i-056f3061f47031643,r8id.32xlarge,128,SSD,raid0_ssd,,parquet_to_duckdb,Parquet -> mydb.duckdb,no_wal_writes,no_wal_writes CTAS,ctas,64,64,2026-05-13T13:39:08.356008+00:00,52,5.225,178.827,209.51,1.64,1.636797,3.273594,SSD: no_wal_writes threads=64 parquet_to_duckdb ctas,5.64,success
2026-05-13T133349Z,i-056f3061f47031643,r8id.32xlarge,128,SSD,raid0_ssd,,parquet_to_duckdb,Parquet -> mydb.duckdb,no_wal_writes,no_wal_writes CTAS,ctas,64,64,2026-05-13T13:39:08.456362+00:00,53,5.326,178.928,219.31,1.71,1.713359,3.426719,SSD: no_wal_writes threads=64 parquet_to_duckdb ctas,5.64,success
2026-05-13T133349Z,i-056f3061f47031643,r8id.32xlarge,128,SSD,raid0_ssd,,parquet_to_duckdb,Parquet -> mydb.duckdb,no_wal_writes,no_wal_writes CTAS,ctas,64,64,2026-05-13T13:39:08.556694+00:00,54,5.426,179.028,209.35,1.64,1.635547,3.271094,SSD: no_wal_writes threads=64 parquet_to_duckdb ctas,5.64,success
2026-05-13T133349Z,i-056f3061f47031643,r8id.32xlarge,128,SSD,raid0_ssd,,parquet_to_duckdb,Parquet -> mydb.duckdb,no_wal_writes,no_wal_writes CTAS,ctas,64,64,2026-05-13T13:39:08.657101+00:00,55,5.526,179.128,270,2.11,2.109375,4.21875,SSD: no_wal_writes threads=64 parquet_to_duckdb ctas,5.64,success
2026-05-13T133349Z,i-056f3061f47031643,r8id.32xlarge,128,SSD,raid0_ssd,,parquet_to_duckdb,Parquet -> mydb.duckdb,no_wal_writes,no_wal_writes CHECKPOINT,checkpoint,64,64,2026-05-13T13:39:08.757445+00:00,0,0,179.229,238.51,1.86,1.863359,3.726719,SSD: no_wal_writes threads=64 parquet_to_duckdb checkpoint,0.6,success
2026-05-13T133349Z,i-056f3061f47031643,r8id.32xlarge,128,SSD,raid0_ssd,,parquet_to_duckdb,Parquet -> mydb.duckdb,no_wal_writes,no_wal_writes CHECKPOINT,checkpoint,64,64,2026-05-13T13:39:08.857768+00:00,1,0.1,179.329,1493.17,11.67,11.665391,23.330781,SSD: no_wal_writes threads=64 parquet_to_duckdb checkpoint,0.6,success
2026-05-13T133349Z,i-056f3061f47031643,r8id.32xlarge,128,SSD,raid0_ssd,,parquet_to_duckdb,Parquet -> mydb.duckdb,no_wal_writes,no_wal_writes CHECKPOINT,checkpoint,64,64,2026-05-13T13:39:08.958105+00:00,2,0.2,179.429,79.94,0.62,0.624531,1.249062,SSD: no_wal_writes threads=64 parquet_to_duckdb checkpoint,0.6,success
2026-05-13T133349Z,i-056f3061f47031643,r8id.32xlarge,128,SSD,raid0_ssd,,parquet_to_duckdb,Parquet -> mydb.duckdb,no_wal_writes,no_wal_writes CHECKPOINT,checkpoint,64,64,2026-05-13T13:39:09.058401+00:00,3,0.301,179.53,109.66,0.86,0.856719,1.713437,SSD: no_wal_writes threads=64 parquet_to_duckdb checkpoint,0.6,success
2026-05-13T133349Z,i-056f3061f47031643,r8id.32xlarge,128,SSD,raid0_ssd,,parquet_to_duckdb,Parquet -> mydb.duckdb,no_wal_writes,no_wal_writes CHECKPOINT,checkpoint,64,64,2026-05-13T13:39:09.158749+00:00,4,0.401,179.63,109.66,0.86,0.856719,1.713437,SSD: no_wal_writes threads=64 parquet_to_duckdb checkpoint,0.6,success
2026-05-13T133349Z,i-056f3061f47031643,r8id.32xlarge,128,SSD,raid0_ssd,,parquet_to_duckdb,Parquet -> mydb.duckdb,no_wal_writes,no_wal_writes CHECKPOINT,checkpoint,64,64,2026-05-13T13:39:09.259042+00:00,5,0.501,179.73,109.83,0.86,0.858047,1.716094,SSD: no_wal_writes threads=64 parquet_to_duckdb checkpoint,0.6,success
