common_name,link,scientific_name,status_in_uk,pairs_text,field_code_1,field_code_2,roughly_how_common
Capercaillie,http://app.bto.org/birdfacts/results/bob3350.htm,Tetrao urogallus,Re-introduced Breeder,1000 - 10000 Adults,CP,CAPER,3162.2776601683804
Black Grouse,http://app.bto.org/birdfacts/results/bob3320.htm,Lyrurus tetrix,Resident Breeder,1000 - 10000 Males,BK,BLAGR,3162.2776601683804
Ptarmigan,http://app.bto.org/birdfacts/results/bob3300.htm,Lagopus muta,Resident Breeder,1000 - 10000 Pairs,PM,PTARM,3162.2776601683804
Red Grouse,http://app.bto.org/birdfacts/results/bob3292.htm,Lagopus lagopus,Resident Breeder,100000 - 500000 Pairs,RG,REDGR,223606.79774997893
Red-legged Partridge,http://app.bto.org/birdfacts/results/bob3580.htm,Alectoris rufa,Introduced Breeder,10000 - 100000 Territories,RL,RELPA,31622.77660168378
Grey Partridge,http://app.bto.org/birdfacts/results/bob3670.htm,Perdix perdix,Resident/Introduced Breeder,10000 - 100000 Territories,P.,GREPA,31622.77660168378
Quail,http://app.bto.org/birdfacts/results/bob3700.htm,Coturnix coturnix,Migrant Breeder,500 - 1000 Males,Q.,QUAIL,707.1067811865473
Pheasant,http://app.bto.org/birdfacts/results/bob3940.htm,Phasianus colchicus,Introduced Breeder,4E06 Birds,PH,PHEAS,4000000.0
Golden Pheasant,http://app.bto.org/birdfacts/results/bob3960.htm,Chrysolophus pictus,Introduced Breeder,100-500 Pairs,GF,GOLPH,223.606797749979
Lady Amherst’s Pheasant,http://app.bto.org/birdfacts/results/bob3970.htm,Chrysolophus amherstiae,Introduced Breeder,1-10 Males,LM,LAAPH,3.1622776601683795
Brent Goose,http://app.bto.org/birdfacts/results/bob1680.htm,Branta bernicla,Winter Visitor,100000 - 500000 Birds,BG,BREGO,223606.79774997893
Red-breasted Goose,http://app.bto.org/birdfacts/results/bob1690.htm,Branta ruficollis,Accidental,10 - 100 Records,EB,REBGO,31.622776601683803
Canada Goose,http://app.bto.org/birdfacts/results/bob1660.htm,Branta canadensis,"Introduced Breeder, Accidental",10000 - 100000 Pairs,CG,CANGO,31622.77660168378
Cackling Goose,http://app.bto.org/birdfacts/results/bob1664.htm,Branta hutchinsii,Accidental,10 - 100 Records,LQ,,31.622776601683803
Barnacle Goose,http://app.bto.org/birdfacts/results/bob1670.htm,Branta leucopsis,"Escaped Breeder, Winter Visitor",100000 - 500000 Birds,BY,BARGO,223606.79774997893
Snow Goose,http://app.bto.org/birdfacts/results/bob1630.htm,Anser caerulescens,Scarce Visitor,10 - 100 Birds,SJ,SNOGO,31.622776601683803
Greylag Goose,http://app.bto.org/birdfacts/results/bob1610.htm,Anser anser,"Introduced/Resident Breeder, Winter Migrant",10000 - 100000 Pairs,GJ,GREGO,31622.77660168378
Taiga Bean Goose,http://app.bto.org/birdfacts/results/bob1571.htm,Anser fabalis,Winter Migrant,100-500 Birds,XF,,223.606797749979
Tundra Bean Goose,http://app.bto.org/birdfacts/results/bob1574.htm,Anser serrirostris,Winter Migrant,100-500 Birds,XR,,223.606797749979
Pink-footed Goose,http://app.bto.org/birdfacts/results/bob1580.htm,Anser brachyrhynchus,Winter Migrant,500000 - 1E06 Birds,PG,PIFGO,707106.7811865465
White-fronted Goose,http://app.bto.org/birdfacts/results/bob1590.htm,Anser albifrons,Winter Migrant,10000 - 100000 Birds,WG,WHFGO,31622.77660168378
Lesser White-fronted Goose,http://app.bto.org/birdfacts/results/bob1600.htm,Anser erythropus,Accidental,100-500 Records,LC,LWFGO,223.606797749979
Mute Swan,http://app.bto.org/birdfacts/results/bob1520.htm,Cygnus olor,Resident/Introduced Breeder,1000 - 10000 Pairs,MS,MUTSW,3162.2776601683804
Bewick's Swan,http://app.bto.org/birdfacts/results/bob1530.htm,Cygnus columbianus,Winter Migrant,1000 - 10000 Birds,BS,BEWSW,3162.2776601683804
Whooper Swan,http://app.bto.org/birdfacts/results/bob1540.htm,Cygnus cygnus,"Scarce Breeder, Winter Migrant",10000 - 100000 Birds,WS,WHOSW,31622.77660168378
Egyptian Goose,http://app.bto.org/birdfacts/results/bob1700.htm,Alopochen aegyptiaca,Introduced Breeder,1000 - 10000 Pairs,EG,EGYGO,3162.2776601683804
Shelduck,http://app.bto.org/birdfacts/results/bob1730.htm,Tadorna tadorna,"Migrant/Resident Breeder, Winter Visitor",10000 - 100000 Pairs,SU,SHELD,31622.77660168378
Ruddy Shelduck,http://app.bto.org/birdfacts/results/bob1710.htm,Tadorna ferruginea,"Escaped, Former Visitor (Last Record 1946)",1-10 Records,UD,RUDSH,3.1622776601683795
Mandarin Duck,http://app.bto.org/birdfacts/results/bob1780.htm,Aix galericulata,Introduced Breeder,1000 - 10000 Pairs,MN,MANDA,3162.2776601683804
Baikal Teal,http://app.bto.org/birdfacts/results/bob1830.htm,Sibirionetta formosa,Accidental,1-10 Records,IK,BAITE,3.1622776601683795
Garganey,http://app.bto.org/birdfacts/results/bob1910.htm,Spatula querquedula,"Migrant Breeder, Passage Visitor",100-500 Pairs,GY,GARGA,223.606797749979
Blue-winged Teal,http://app.bto.org/birdfacts/results/bob1920.htm,Spatula discors,Scarce Visitor,100-500 Records,TB,BLWTE,223.606797749979
Shoveler,http://app.bto.org/birdfacts/results/bob1940.htm,Spatula clypeata,"Migrant Breeder, Passage/Winter Visitor",500 - 1000 Pairs,SV,SHOVE,707.1067811865473
Gadwall,http://app.bto.org/birdfacts/results/bob1820.htm,Mareca strepera,"Migrant/Resident Breeder, Winter Visitor",1000 - 10000 Pairs,GA,GADWA,3162.2776601683804
Falcated Duck,http://app.bto.org/birdfacts/results/bob1810.htm,Mareca falcata,Accidental,1-10 Records,,,3.1622776601683795
Wigeon,http://app.bto.org/birdfacts/results/bob1790.htm,Mareca penelope,"Resident Breeder, Winter Visitor",100000 - 500000 Birds,WN,WIGEO,223606.79774997893
American Wigeon,http://app.bto.org/birdfacts/results/bob1800.htm,Mareca americana,Scarce Visitor,10 - 100 Birds,AW,AMEWI,31.622776601683803
Mallard,http://app.bto.org/birdfacts/results/bob1860.htm,Anas platyrhynchos,"Introduced/Resident Breeder, Winter Visitor",100000 - 500000 Pairs,MA,MALLA,223606.79774997893
American Black Duck,http://app.bto.org/birdfacts/results/bob1870.htm,Anas rubripes,Accidental,10 - 100 Records,BD,BLADU,31.622776601683803
Pintail,http://app.bto.org/birdfacts/results/bob1890.htm,Anas acuta,"Resident/Migrant Breeder, Winter Visitor",10000 - 100000 Birds,PT,PINTA,31622.77660168378
Teal,http://app.bto.org/birdfacts/results/bob1840.htm,Anas crecca,"Resident Breeder, Passage/Winter Visitor",1000 - 10000 Pairs,T.,TEAL.,3162.2776601683804
Green-winged Teal,http://app.bto.org/birdfacts/results/bob1842.htm,Anas carolinensis,Scarce Visitor,10 - 100 Birds,TA,GRWTE,31.622776601683803
Red-crested Pochard,http://app.bto.org/birdfacts/results/bob1960.htm,Netta rufina,"Escaped Breeder, Scarce Visitor",500 - 1000 Birds,RQ,RECPO,707.1067811865473
Canvasback,http://app.bto.org/birdfacts/results/bob1970.htm,Aythya valisineria,Accidental,1-10 Records,VB,,3.1622776601683795
Redhead,http://app.bto.org/birdfacts/results/bob1990.htm,Aythya americana,Accidental,1-10 Records,AZ,,3.1622776601683795
Pochard,http://app.bto.org/birdfacts/results/bob1980.htm,Aythya ferina,"Migrant/Resident Breeder, Passage/Winter Visitor",10000 - 100000 Birds,PO,POCHA,31622.77660168378
Ferruginous Duck,http://app.bto.org/birdfacts/results/bob2020.htm,Aythya nyroca,Accidental,1-10 Birds,FD,FERDU,3.1622776601683795
Ring-necked Duck,http://app.bto.org/birdfacts/results/bob2000.htm,Aythya collaris,Scarce Visitor,10 - 100 Birds,NG,RINDU,31.622776601683803
Tufted Duck,http://app.bto.org/birdfacts/results/bob2030.htm,Aythya fuligula,"Resident Breeder, Passage/Winter Visitor",10000 - 100000 Pairs,TU,TUFDU,31622.77660168378
Scaup,http://app.bto.org/birdfacts/results/bob2040.htm,Aythya marila,"Scarce Breeder, Passage/Winter Visitor",1000 - 10000 Birds,SP,SCAUP,3162.2776601683804
Lesser Scaup,http://app.bto.org/birdfacts/results/bob2050.htm,Aythya affinis,Scarce Visitor,1-10 Birds,AY,,3.1622776601683795
Steller’s Eider,http://app.bto.org/birdfacts/results/bob2090.htm,Polysticta stelleri,Accidental,10 - 100 Records,ES,STEEI,31.622776601683803
King Eider,http://app.bto.org/birdfacts/results/bob2070.htm,Somateria spectabilis,Accidental,100-500 Records,KE,KINEI,223.606797749979
Eider,http://app.bto.org/birdfacts/results/bob2060.htm,Somateria mollissima,"Resident Breeder, Winter Visitor",10000 - 100000 Pairs,E.,EIDER,31622.77660168378
Harlequin Duck,http://app.bto.org/birdfacts/results/bob2110.htm,Histrionicus histrionicus,Accidental,10 - 100 Records,HQ,HARDU,31.622776601683803
Surf Scoter,http://app.bto.org/birdfacts/results/bob2140.htm,Melanitta perspicillata,Scarce Visitor,10 - 100 Birds,FS,SURSC,31.622776601683803
Velvet Scoter,http://app.bto.org/birdfacts/results/bob2151.htm,Melanitta fusca,Passage/Winter Visitor,1000 - 10000 Birds,VS,VELSC,3162.2776601683804
White-winged Scoter,http://app.bto.org/birdfacts/results/bob2152.htm,Melanitta deglandi,Accidental,1-10 Records,,,3.1622776601683795
Common Scoter,http://app.bto.org/birdfacts/results/bob2130.htm,Melanitta nigra,"Resident/Migrant Breeder, Passage/Winter Visitor",100000 - 500000 Birds,CX,COMSC,223606.79774997893
Black Scoter,http://app.bto.org/birdfacts/results/bob2132.htm,Melanitta americana,Accidental,10 - 100 Records,DX,BLASC,31.622776601683803
Long-tailed Duck,http://app.bto.org/birdfacts/results/bob2120.htm,Clangula hyemalis,"Scarce Breeder, Winter Visitor",10000 - 100000 Birds,LN,LOTDU,31622.77660168378
Bufflehead,http://app.bto.org/birdfacts/results/bob2160.htm,Bucephala albeola,Accidental,10 - 100 Records,VH,BUFFL,31.622776601683803
Goldeneye,http://app.bto.org/birdfacts/results/bob2180.htm,Bucephala clangula,"Resident Breeder, Passage/Winter Visitor",100-500 Females,GN,GOLDE,223.606797749979
Barrow’s Goldeneye,http://app.bto.org/birdfacts/results/bob2170.htm,Bucephala islandica,Accidental,1-10 Records,VG,BRWGO,3.1622776601683795
Smew,http://app.bto.org/birdfacts/results/bob2200.htm,Mergellus albellus,Winter Visitor,100-500 Birds,SY,SMEW.,223.606797749979
Hooded Merganser,http://app.bto.org/birdfacts/results/bob2190.htm,Lophodytes cucullatus,Accidental,1-10 Records,,,3.1622776601683795
Goosander,http://app.bto.org/birdfacts/results/bob2230.htm,Mergus merganser,"Resident Breeder, Winter Visitor",1000 - 10000 Pairs,GD,GOOSA,3162.2776601683804
Red-breasted Merganser,http://app.bto.org/birdfacts/results/bob2210.htm,Mergus serrator,"Resident Breeder, Winter Visitor",1000 - 10000 Pairs,RM,REBME,3162.2776601683804
Ruddy Duck,http://app.bto.org/birdfacts/results/bob2250.htm,Oxyura jamaicensis,Introduced Breeder,10 - 100 Birds,RY,RUDDU,31.622776601683803
Common Nighthawk,http://app.bto.org/birdfacts/results/bob7860.htm,Chordeiles minor,Accidental,10 - 100 Records,,COMNI,31.622776601683803
Red-necked Nightjar,http://app.bto.org/birdfacts/results/bob7790.htm,Caprimulgus ruficollis,Not Recorded since 1856, ,,RENNI,
Nightjar,http://app.bto.org/birdfacts/results/bob7780.htm,Caprimulgus europaeus,"Migrant Breeder, Passage Visitor",1000 - 10000 Males,NJ,NIJAR,3162.2776601683804
Egyptian Nightjar,http://app.bto.org/birdfacts/results/bob7810.htm,Caprimulgus aegyptius,Accidental,1-10 Records,,EGYNI,3.1622776601683795
White-throated Needletail,http://app.bto.org/birdfacts/results/bob7920.htm,Hirundapus caudacutus,Accidental,1-10 Records,NI,NETSW,3.1622776601683795
Chimney Swift,http://app.bto.org/birdfacts/results/bob7900.htm,Chaetura pelagica,Accidental,10 - 100 Records,,CHISW,31.622776601683803
Alpine Swift,http://app.bto.org/birdfacts/results/bob7980.htm,Tachymarptis melba,Scarce Visitor,10 - 100 Birds,AI,ALPSW,31.622776601683803
Swift,http://app.bto.org/birdfacts/results/bob7950.htm,Apus apus,"Migrant Breeder, Passage Visitor",10000 - 100000 Pairs,SI,SWIFT,31622.77660168378
Pallid Swift,http://app.bto.org/birdfacts/results/bob7960.htm,Apus pallidus,Accidental,10 - 100 Records,II,PALSW,31.622776601683803
Pacific Swift,http://app.bto.org/birdfacts/results/bob7970.htm,Apus pacificus,Accidental,1-10 Records,,PACSW,3.1622776601683795
Little Swift,http://app.bto.org/birdfacts/results/bob8000.htm,Apus affinis,Accidental,10 - 100 Records,,LITSW,31.622776601683803
White-rumped Swift,http://app.bto.org/birdfacts/results/bob7990.htm,Apus caffer,Accidental,1-10 Records,,,3.1622776601683795
Great Bustard,http://app.bto.org/birdfacts/results/bob4460.htm,Otis tarda,"Re-introduced Breeder, Accidental",10 - 100 Records,US,GREBU,31.622776601683803
Macqueen’s Bustard,http://app.bto.org/birdfacts/results/bob4442.htm,Chlamydotis macqueenii,Accidental,1-10 Records,,,3.1622776601683795
Little Bustard,http://app.bto.org/birdfacts/results/bob4420.htm,Tetrax tetrax,Accidental,10 - 100 Records,,LITBS,31.622776601683803
Great Spotted Cuckoo,http://app.bto.org/birdfacts/results/bob7160.htm,Clamator glandarius,Accidental,10 - 100 Records,UK,GRSCU,31.622776601683803
Yellow-billed Cuckoo,http://app.bto.org/birdfacts/results/bob7280.htm,Coccyzus americanus,Accidental,10 - 100 Records,,YEBCU,31.622776601683803
Black-billed Cuckoo,http://app.bto.org/birdfacts/results/bob7270.htm,Coccyzus erythropthalmus,Accidental,10 - 100 Records,,BLBCU,31.622776601683803
Cuckoo,http://app.bto.org/birdfacts/results/bob7240.htm,Cuculus canorus,"Migrant Breeder, Passage Visitor",10000 - 100000 Pairs,CK,CUCKO,31622.77660168378
Pallas’s Sandgrouse,http://app.bto.org/birdfacts/results/bob6630.htm,Syrrhaptes paradoxus,"Accidental, Has Bred",1-10 Records,,PALSA,3.1622776601683795
Rock Dove,http://app.bto.org/birdfacts/results/bob6650.htm,Columba livia,Resident Breeder,500000 - 1E06 Pairs,DV,ROCDO,707106.7811865465
Stock Dove,http://app.bto.org/birdfacts/results/bob6680.htm,Columba oenas,"Resident Breeder, Passage/Winter Visitor",100000 - 500000 Territories,SD,STODO,223606.79774997893
Woodpigeon,http://app.bto.org/birdfacts/results/bob6700.htm,Columba palumbus,"Resident Breeder, Winter Visitor",5.3E06 Pairs,WP,WOODP,5300000.0
Turtle Dove,http://app.bto.org/birdfacts/results/bob6870.htm,Streptopelia turtur,"Migrant Breeder, Passage Visitor",10000 - 100000 Territories,TD,TURDO,31622.77660168378
Oriental Turtle Dove,http://app.bto.org/birdfacts/results/bob6890.htm,Streptopelia orientalis,Accidental,10 - 100 Records,,RUTDO,31.622776601683803
Collared Dove,http://app.bto.org/birdfacts/results/bob6840.htm,Streptopelia decaocto,Resident Breeder,500000 - 1E06 Pairs,CD,COLDO,707106.7811865465
Mourning Dove,http://app.bto.org/birdfacts/results/bob6950.htm,Zenaida macroura,Accidental,1-10 Records,,,3.1622776601683795
Water Rail,http://app.bto.org/birdfacts/results/bob4070.htm,Rallus aquaticus,"Resident Breeder, Passage/Winter Visitor",1000 - 10000 Territories,WA,WATRA,3162.2776601683804
Corncrake,http://app.bto.org/birdfacts/results/bob4210.htm,Crex crex,"Migrant Breeder, Passage Visitor",1000 - 10000 Males,CE,CORNC,3162.2776601683804
Little Crake,http://app.bto.org/birdfacts/results/bob4100.htm,Porzana parva,Accidental,10 - 100 Records,JC,LITCR,31.622776601683803
Baillon’s Crake,http://app.bto.org/birdfacts/results/bob4110.htm,Porzana pusilla,"Occasional Breeder, Accidental",10 - 100 Records,VC,BAICR,31.622776601683803
Spotted Crake,http://app.bto.org/birdfacts/results/bob4080.htm,Porzana porzana,"Scarce Breeder, Passage Visitor",10 - 100 Males,AK,SPOCR,31.622776601683803
Sora,http://app.bto.org/birdfacts/results/bob4090.htm,Porzana carolina,Accidental,10 - 100 Records,JR,SORA.,31.622776601683803
Western Swamphen,http://app.bto.org/birdfacts/results/bob4270.htm,Porphyrio porphyrio,Accidental,1-10 Records,,PURSW,3.1622776601683795
Allen’s Gallinule,http://app.bto.org/birdfacts/results/bob4250.htm,Porphyrio alleni,Accidental,1-10 Records,,ALLGA,3.1622776601683795
American Purple Gallinule,http://app.bto.org/birdfacts/results/bob4260.htm,Porphyrio martinica,Accidental,1-10 Records,,AMPGA,3.1622776601683795
Moorhen,http://app.bto.org/birdfacts/results/bob4240.htm,Gallinula chloropus,"Resident Breeder, Winter Visitor",100000 - 500000 Territories,MH,MOORH,223606.79774997893
Coot,http://app.bto.org/birdfacts/results/bob4290.htm,Fulica atra,"Resident Breeder, Winter Visitor",10000 - 100000 Pairs,CO,COOT.,31622.77660168378
American Coot,http://app.bto.org/birdfacts/results/bob4300.htm,Fulica americana,Accidental,1-10 Records,AO,AMECO,3.1622776601683795
Sandhill Crane,http://app.bto.org/birdfacts/results/bob4360.htm,Antigone canadensis,Accidental,1-10 Records,,SANCR,3.1622776601683795
Crane,http://app.bto.org/birdfacts/results/bob4330.htm,Grus grus,"Resident/Re-introduced Breeder, Passage Visitor",10 - 100 Pairs,AN,CRANE,31.622776601683803
Little Grebe,http://app.bto.org/birdfacts/results/bob70.htm,Tachybaptus ruficollis,"Migrant/Resident Breeder, Winter Visitor",1000 - 10000 Pairs,LG,LITGR,3162.2776601683804
Pied-billed Grebe,http://app.bto.org/birdfacts/results/bob60.htm,Podilymbus podiceps,Accidental,10 - 100 Records,PJ,PIBGR,31.622776601683803
Red-necked Grebe,http://app.bto.org/birdfacts/results/bob100.htm,Podiceps grisegena,"Scarce Breeder, Winter Visitor",10 - 100 Birds,RX,RENGR,31.622776601683803
Great Crested Grebe,http://app.bto.org/birdfacts/results/bob90.htm,Podiceps cristatus,"Resident Breeder, Winter Visitor",1000 - 10000 Pairs,GG,GRCGR,3162.2776601683804
Slavonian Grebe,http://app.bto.org/birdfacts/results/bob110.htm,Podiceps auritus,"Resident Breeder, Winter Visitor",10 - 100 Pairs,SZ,SLAGR,31.622776601683803
Black-necked Grebe,http://app.bto.org/birdfacts/results/bob120.htm,Podiceps nigricollis,"Migrant/Resident Breeder, Passage/Winter Visitor",10 - 100 Pairs,BN,BLNGR,31.622776601683803
Stone-curlew,http://app.bto.org/birdfacts/results/bob4590.htm,Burhinus oedicnemus,Migrant Breeder,100-500 Pairs,TN,STOCU,223.606797749979
Oystercatcher,http://app.bto.org/birdfacts/results/bob4500.htm,Haematopus ostralegus,"Migrant/Resident Breeder, Passage/Winter Visitor",100000 - 500000 Pairs,OC,OYSTE,223606.79774997893
Black-winged Stilt,http://app.bto.org/birdfacts/results/bob4550.htm,Himantopus himantopus,"Scarce Visitor, Has Bred",100-500 Records,IT,BLWST,223.606797749979
Avocet,http://app.bto.org/birdfacts/results/bob4560.htm,Recurvirostra avosetta,"Migrant/Resident Breeder, Passage/Winter Visitor",1000 - 10000 Pairs,AV,AVOCE,3162.2776601683804
Lapwing,http://app.bto.org/birdfacts/results/bob4930.htm,Vanellus vanellus,"Migrant/Resident Breeder, Passage/Winter Visitor",100000 - 500000 Pairs,L.,LAPWI,223606.79774997893
Sociable Lapwing,http://app.bto.org/birdfacts/results/bob4910.htm,Vanellus gregarius,Accidental,10 - 100 Records,IP,SOCPL,31.622776601683803
White-tailed Lapwing,http://app.bto.org/birdfacts/results/bob4920.htm,Vanellus leucurus,Accidental,1-10 Records,,WHTPL,3.1622776601683795
Golden Plover,http://app.bto.org/birdfacts/results/bob4850.htm,Pluvialis apricaria,"Migrant/Resident Breeder, Passage/Winter Visitor",10000 - 100000 Pairs,GP,GOLPL,31622.77660168378
Pacific Golden Plover,http://app.bto.org/birdfacts/results/bob4842.htm,Pluvialis fulva,Accidental,10 - 100 Records,IF,PAGPL,31.622776601683803
American Golden Plover,http://app.bto.org/birdfacts/results/bob4841.htm,Pluvialis dominica,Scarce Visitor,10 - 100 Birds,ID,AMGPL,31.622776601683803
Grey Plover,http://app.bto.org/birdfacts/results/bob4860.htm,Pluvialis squatarola,Passage/Winter Visitor,10000 - 100000 Birds,GV,GREPL,31622.77660168378
Ringed Plover,http://app.bto.org/birdfacts/results/bob4700.htm,Charadrius hiaticula,"Migrant/Resident Breeder, Passage/Winter Visitor",1000 - 10000 Pairs,RP,RINPL,3162.2776601683804
Semipalmated Plover,http://app.bto.org/birdfacts/results/bob4710.htm,Charadrius semipalmatus,Accidental,1-10 Records,TV,SEMPL,3.1622776601683795
Little Ringed Plover,http://app.bto.org/birdfacts/results/bob4690.htm,Charadrius dubius,"Migrant Breeder, Passage Visitor",1000 - 10000 Pairs,LP,LIRPL,3162.2776601683804
Killdeer,http://app.bto.org/birdfacts/results/bob4740.htm,Charadrius vociferus,Accidental,10 - 100 Records,KL,KILLD,31.622776601683803
Kentish Plover,http://app.bto.org/birdfacts/results/bob4770.htm,Charadrius alexandrinus,"Former Breeder, Scarce Visitor",10 - 100 Birds,KP,KENPL,31.622776601683803
Lesser Sand Plover,http://app.bto.org/birdfacts/results/bob4780.htm,Charadrius mongolus,Accidental,1-10 Records,DQ,,3.1622776601683795
Greater Sand Plover,http://app.bto.org/birdfacts/results/bob4790.htm,Charadrius leschenaultii,Accidental,10 - 100 Records,DP,GRSPL,31.622776601683803
Caspian Plover,http://app.bto.org/birdfacts/results/bob4800.htm,Charadrius asiaticus,Accidental,1-10 Records,,CASPL,3.1622776601683795
Dotterel,http://app.bto.org/birdfacts/results/bob4820.htm,Charadrius morinellus,"Migrant Breeder, Passage Visitor",500 - 1000 Males,DO,DOTTE,707.1067811865473
Upland Sandpiper,http://app.bto.org/birdfacts/results/bob5440.htm,Bartramia longicauda,Accidental,10 - 100 Records,UP,UPLSA,31.622776601683803
Whimbrel,http://app.bto.org/birdfacts/results/bob5380.htm,Numenius phaeopus,"Migrant Breeder, Passage Visitor",500 - 1000 Pairs,WM,WHIMB,707.1067811865473
Little Curlew,http://app.bto.org/birdfacts/results/bob5360.htm,Numenius minutus,Accidental,1-10 Records,,LITWH,3.1622776601683795
Eskimo Curlew,http://app.bto.org/birdfacts/results/bob5370.htm,Numenius borealis,"Extinct (1963), Last Record 1887", ,,ESKCU,
Curlew,http://app.bto.org/birdfacts/results/bob5410.htm,Numenius arquata,"Migrant/Resident Breeder, Passage/Winter Visitor",10000 - 100000 Pairs,CU,CURLE,31622.77660168378
Bar-tailed Godwit,http://app.bto.org/birdfacts/results/bob5340.htm,Limosa lapponica,Passage/Winter Visitor,10000 - 100000 Birds,BA,BATGO,31622.77660168378
Black-tailed Godwit,http://app.bto.org/birdfacts/results/bob5320.htm,Limosa limosa,"Migrant Breeder, Passage/Winter Visitor",100-500 Pairs,BW,BLTGO,223.606797749979
Hudsonian Godwit,http://app.bto.org/birdfacts/results/bob5330.htm,Limosa haemastica,Accidental,1-10 Records,HU,HUDGO,3.1622776601683795
Turnstone,http://app.bto.org/birdfacts/results/bob5610.htm,Arenaria interpres,"Scarce Breeder, Passage/Winter Visitor",10000 - 100000 Birds,TT,TURNS,31622.77660168378
Great Knot,http://app.bto.org/birdfacts/results/bob4950.htm,Calidris tenuirostris,Accidental,1-10 Records,KO,,3.1622776601683795
Knot,http://app.bto.org/birdfacts/results/bob4960.htm,Calidris canutus,Passage/Winter Visitor,100000 - 500000 Birds,KN,KNOT.,223606.79774997893
Ruff,http://app.bto.org/birdfacts/results/bob5170.htm,Calidris pugnax,"Scarce Breeder, Passage/Winter Visitor",500 - 1000 Birds,RU,RUFF.,707.1067811865473
Broad-billed Sandpiper,http://app.bto.org/birdfacts/results/bob5140.htm,Calidris falcinellus,Accidental,100-500 Records,OA,BRBSA,223.606797749979
Sharp-tailed Sandpiper,http://app.bto.org/birdfacts/results/bob5080.htm,Calidris acuminata,Accidental,10 - 100 Records,VV,SHTSA,31.622776601683803
Stilt Sandpiper,http://app.bto.org/birdfacts/results/bob5150.htm,Calidris himantopus,Accidental,10 - 100 Records,MI,STISA,31.622776601683803
Curlew Sandpiper,http://app.bto.org/birdfacts/results/bob5090.htm,Calidris ferruginea,Passage Visitor,500 - 1000 Birds,CV,CURSA,707.1067811865473
Temminck’s Stint,http://app.bto.org/birdfacts/results/bob5020.htm,Calidris temminckii,"Scarce Breeder, Passage Visitor",100-500 Birds,TK,TEMST,223.606797749979
Long-toed Stint,http://app.bto.org/birdfacts/results/bob5030.htm,Calidris subminuta,Accidental,1-10 Records,,LOTST,3.1622776601683795
Red-necked Stint,http://app.bto.org/birdfacts/results/bob5000.htm,Calidris ruficollis,Accidental,1-10 Records,,,3.1622776601683795
Sanderling,http://app.bto.org/birdfacts/results/bob4970.htm,Calidris alba,Passage/Winter Visitor,10000 - 100000 Birds,SS,SANDE,31622.77660168378
Dunlin,http://app.bto.org/birdfacts/results/bob5120.htm,Calidris alpina,"Migrant Breeder, Passage/Winter Visitor",1000 - 10000 Pairs,DN,DUNLI,3162.2776601683804
Purple Sandpiper,http://app.bto.org/birdfacts/results/bob5100.htm,Calidris maritima,"Scarce Breeder, Passage/Winter Visitor",1000 - 10000 Birds,PS,PURSA,3162.2776601683804
Baird’s Sandpiper,http://app.bto.org/birdfacts/results/bob5060.htm,Calidris bairdii,Accidental,100-500 Records,BP,BAISA,223.606797749979
Little Stint,http://app.bto.org/birdfacts/results/bob5010.htm,Calidris minuta,Passage Visitor,500 - 1000 Birds,LX,LITST,707.1067811865473
Least Sandpiper,http://app.bto.org/birdfacts/results/bob5040.htm,Calidris minutilla,Accidental,10 - 100 Records,EP,LEASA,31.622776601683803
White-rumped Sandpiper,http://app.bto.org/birdfacts/results/bob5050.htm,Calidris fuscicollis,Scarce Visitor,10 - 100 Birds,WU,WHRSA,31.622776601683803
Buff-breasted Sandpiper,http://app.bto.org/birdfacts/results/bob5160.htm,Calidris subruficollis,Scarce Visitor,10 - 100 Birds,BQ,BUBSA,31.622776601683803
Pectoral Sandpiper,http://app.bto.org/birdfacts/results/bob5070.htm,Calidris melanotos,"Scarce Visitor, Has probably bred",100-500 Birds,PP,PECSA,223.606797749979
Semipalmated Sandpiper,http://app.bto.org/birdfacts/results/bob4980.htm,Calidris pusilla,Scarce Visitor,100-500 Records,PZ,SEMSA,223.606797749979
Western Sandpiper,http://app.bto.org/birdfacts/results/bob4990.htm,Calidris mauri,Accidental,1-10 Records,ER,WESSA,3.1622776601683795
Long-billed Dowitcher,http://app.bto.org/birdfacts/results/bob5270.htm,Limnodromus scolopaceus,Accidental,100-500 Records,LD,LOBDO,223.606797749979
Short-billed Dowitcher,http://app.bto.org/birdfacts/results/bob5260.htm,Limnodromus griseus,Accidental,1-10 Records,,SHBDO,3.1622776601683795
Woodcock,http://app.bto.org/birdfacts/results/bob5290.htm,Scolopax rusticola,"Migrant/Resident Breeder, Passage/Winter Visitor",10000 - 100000 Males,WK,WOODC,31622.77660168378
Jack Snipe,http://app.bto.org/birdfacts/results/bob5180.htm,Lymnocryptes minimus,Passage/Winter Visitor,100000 - 500000 Birds,JS,JACSN,223606.79774997893
Great Snipe,http://app.bto.org/birdfacts/results/bob5200.htm,Gallinago media,Accidental,100-500 Records,DS,GRESN,223.606797749979
Snipe,http://app.bto.org/birdfacts/results/bob5190.htm,Gallinago gallinago,"Migrant/Resident Breeder, Passage/Winter Visitor",10000 - 100000 Pairs,SN,SNIPE,31622.77660168378
Wilson's Snipe,http://app.bto.org/birdfacts/results/bob5192.htm,Gallinago delicata,Accidental,1-10 Records,,,3.1622776601683795
Terek Sandpiper,http://app.bto.org/birdfacts/results/bob5550.htm,Xenus cinereus,Accidental,10 - 100 Records,TR,TERSA,31.622776601683803
Wilson’s Phalarope,http://app.bto.org/birdfacts/results/bob5630.htm,Phalaropus tricolor,Accidental,100-500 Records,WF,WILPH,223.606797749979
Red-necked Phalarope,http://app.bto.org/birdfacts/results/bob5640.htm,Phalaropus lobatus,"Migrant Breeder, Passage Visitor",10 - 100 Males,NK,RENPH,31.622776601683803
Grey Phalarope,http://app.bto.org/birdfacts/results/bob5650.htm,Phalaropus fulicarius,Passage Visitor,100-500 Birds,PL,GREPH,223.606797749979
Common Sandpiper,http://app.bto.org/birdfacts/results/bob5560.htm,Actitis hypoleucos,"Migrant Breeder, Passage/Winter Visitor",10000 - 100000 Pairs,CS,COMSA,31622.77660168378
Spotted Sandpiper,http://app.bto.org/birdfacts/results/bob5570.htm,Actitis macularius,"Accidental, Has Bred",100-500 Records,PQ,SPOSA,223.606797749979
Green Sandpiper,http://app.bto.org/birdfacts/results/bob5530.htm,Tringa ochropus,"Scarce Breeder, Passage/Winter Visitor", ,GE,GRESA,
Solitary Sandpiper,http://app.bto.org/birdfacts/results/bob5520.htm,Tringa solitaria,Accidental,10 - 100 Records,I.,SOLSA,31.622776601683803
Grey-tailed Tattler,http://app.bto.org/birdfacts/results/bob5580.htm,Tringa brevipes,Accidental,1-10 Records,YT,,3.1622776601683795
Lesser Yellowlegs,http://app.bto.org/birdfacts/results/bob5510.htm,Tringa flavipes,Accidental,100-500 Records,LY,LESYE,223.606797749979
Redshank,http://app.bto.org/birdfacts/results/bob5460.htm,Tringa totanus,"Migrant/Resident Breeder, Passage/Winter Visitor",10000 - 100000 Pairs,RK,REDSH,31622.77660168378
Marsh Sandpiper,http://app.bto.org/birdfacts/results/bob5470.htm,Tringa stagnatilis,Accidental,100-500 Records,MD,MARSA,223.606797749979
Wood Sandpiper,http://app.bto.org/birdfacts/results/bob5540.htm,Tringa glareola,"Scarce Breeder, Passage Visitor", ,OD,WOOSA,
Spotted Redshank,http://app.bto.org/birdfacts/results/bob5450.htm,Tringa erythropus,Passage/Winter Visitor,100-500 Birds,DR,SPORE,223.606797749979
Greenshank,http://app.bto.org/birdfacts/results/bob5480.htm,Tringa nebularia,"Migrant/Resident Breeder, Passage/Winter Visitor",1000 - 10000 Pairs,GK,GRESH,3162.2776601683804
Greater Yellowlegs,http://app.bto.org/birdfacts/results/bob5500.htm,Tringa melanoleuca,Accidental,10 - 100 Records,LZ,GREYE,31.622776601683803
Cream-coloured Courser,http://app.bto.org/birdfacts/results/bob4640.htm,Cursorius cursor,Accidental,1-10 Records,,CRCCO,3.1622776601683795
Collared Pratincole,http://app.bto.org/birdfacts/results/bob4650.htm,Glareola pratincola,Scarce Visitor,10 - 100 Records,KM,COLPR,31.622776601683803
Oriental Pratincole,http://app.bto.org/birdfacts/results/bob4660.htm,Glareola maldivarum,Accidental,1-10 Records,GM,,3.1622776601683795
Black-winged Pratincole,http://app.bto.org/birdfacts/results/bob4670.htm,Glareola nordmanni,Accidental,10 - 100 Records,KW,BLWPR,31.622776601683803
Kittiwake,http://app.bto.org/birdfacts/results/bob6020.htm,Rissa tridactyla,"Migrant/Resident Breeder, Passage/Winter Visitor",100000 - 500000 Pairs,KI,KITTI,223606.79774997893
Ivory Gull,http://app.bto.org/birdfacts/results/bob6040.htm,Pagophila eburnea,Accidental,10 - 100 Records,IV,IVOGU,31.622776601683803
Sabine’s Gull,http://app.bto.org/birdfacts/results/bob5790.htm,Xema sabini,Passage Visitor,100-500 Birds,AB,SABGU,223.606797749979
Slender-billed Gull,http://app.bto.org/birdfacts/results/bob5850.htm,Chroicocephalus genei,Accidental,10 - 100 Records,EI,SLEGU,31.622776601683803
Bonaparte’s Gull,http://app.bto.org/birdfacts/results/bob5810.htm,Chroicocephalus philadelphia,Accidental,100-500 Records,ON,BONGU,223.606797749979
Black-headed Gull,http://app.bto.org/birdfacts/results/bob5820.htm,Chroicocephalus ridibundus,"Migrant/Resident Breeder, Passage/Winter Visitor",100000 - 500000 Pairs,BH,BLHGU,223606.79774997893
Little Gull,http://app.bto.org/birdfacts/results/bob5780.htm,Hydrocoloeus minutus,"Scarce Breeder, Passage/Winter Visitor", ,LU,LITGU,
Ross’s Gull,http://app.bto.org/birdfacts/results/bob6010.htm,Rhodostethia rosea,Accidental,10 - 100 Records,QG,ROSGU,31.622776601683803
Laughing Gull,http://app.bto.org/birdfacts/results/bob5760.htm,Leucophaeus atricilla,Accidental,100-500 Records,LF,LAUGU,223.606797749979
Franklin’s Gull,http://app.bto.org/birdfacts/results/bob5770.htm,Leucophaeus pipixcan,Accidental,10 - 100 Records,FG,FRAGU,31.622776601683803
Audouin's Gull,http://app.bto.org/birdfacts/results/bob5880.htm,Ichthyaetus audouinii,Accidental,1-10 Records,,,3.1622776601683795
Mediterranean Gull,http://app.bto.org/birdfacts/results/bob5750.htm,Ichthyaetus melanocephalus,"Migrant/Resident Breeder, Passage/Winter Visitor",500 - 1000 Pairs,MU,MEDGU,707.1067811865473
Great Black-headed Gull,http://app.bto.org/birdfacts/results/bob5730.htm,Ichthyaetus ichthyaetus,Not Recorded since 1859, ,,GBHGU,
Common Gull,http://app.bto.org/birdfacts/results/bob5900.htm,Larus canus,"Migrant/Resident Breeder, Passage/Winter Visitor",10000 - 100000 Pairs,CM,COMGU,31622.77660168378
Ring-billed Gull,http://app.bto.org/birdfacts/results/bob5890.htm,Larus delawarensis,Scarce Visitor,10 - 100 Birds,IN,RIBGU,31.622776601683803
Great Black-backed Gull,http://app.bto.org/birdfacts/results/bob6000.htm,Larus marinus,"Resident Breeder, Winter Visitor",10000 - 100000 Pairs,GB,GBBGU,31622.77660168378
Glaucous-winged Gull,http://app.bto.org/birdfacts/results/bob5960.htm,Larus glaucescens,Accidental,1-10 Records,,GLWGU,3.1622776601683795
Glaucous Gull,http://app.bto.org/birdfacts/results/bob5990.htm,Larus hyperboreus,Winter Visitor,100-500 Birds,GZ,GLAGU,223.606797749979
Iceland Gull,http://app.bto.org/birdfacts/results/bob5980.htm,Larus glaucoides,Winter Visitor,100-500 Birds,IG,ICEGU,223.606797749979
Herring Gull,http://app.bto.org/birdfacts/results/bob5920.htm,Larus argentatus,"Resident Breeder, Passage/Winter Visitor",100000 - 500000 Pairs,HG,HERGU,223606.79774997893
American Herring Gull,http://app.bto.org/birdfacts/results/bob26632.htm,Larus smithsonianus,Accidental,10 - 100 Records,,,31.622776601683803
Caspian Gull,http://app.bto.org/birdfacts/results/bob5927.htm,Larus cachinnans,Scarce Visitor,100-500 Birds,YC,CASGU,223.606797749979
Yellow-legged Gull,http://app.bto.org/birdfacts/results/bob5926.htm,Larus michahellis,"Scarce Breeder, Passage/Winter Visitor",500 - 1000 Birds,YG,YELGU,707.1067811865473
Slaty-backed Gull,http://app.bto.org/birdfacts/results/bob5950.htm,Larus schistisagus,Accidental,1-10 Records,,,3.1622776601683795
Lesser Black-backed Gull,http://app.bto.org/birdfacts/results/bob5910.htm,Larus fuscus,"Migrant/Resident Breeder, Passage Visitor",100000 - 500000 Pairs,LB,LBBGU,223606.79774997893
Gull-billed Tern,http://app.bto.org/birdfacts/results/bob6050.htm,Gelochelidon nilotica,"Scarce Visitor, Has Bred",100-500 Records,TG,GUBTE,223.606797749979
Caspian Tern,http://app.bto.org/birdfacts/results/bob6060.htm,Hydroprogne caspia,Accidental,100-500 Records,CJ,CASTE,223.606797749979
Royal Tern,http://app.bto.org/birdfacts/results/bob6070.htm,Thalasseus maximus,Accidental,1-10 Records,QT,ROYTE,3.1622776601683795
Lesser Crested Tern,http://app.bto.org/birdfacts/results/bob6090.htm,Thalasseus bengalensis,Accidental,1-10 Records,TF,LECTE,3.1622776601683795
Sandwich Tern,http://app.bto.org/birdfacts/results/bob6110.htm,Thalasseus sandvicensis,"Migrant Breeder, Passage Visitor",10000 - 100000 Pairs,TE,SANTE,31622.77660168378
Cabot's Tern,http://app.bto.org/birdfacts/results/bob6111.htm,Thalasseus acuflavidus,Accidental,1-10 Records,,,3.1622776601683795
Elegant Tern,http://app.bto.org/birdfacts/results/bob6120.htm,Thalasseus elegans,Accidental,1-10 Records,,ELETE,3.1622776601683795
Little Tern,http://app.bto.org/birdfacts/results/bob6240.htm,Sternula albifrons,"Migrant Breeder, Passage Visitor",1000 - 10000 Pairs,AF,LITTE,3162.2776601683804
Least Tern,http://app.bto.org/birdfacts/results/bob6242.htm,Sternula antillarum,Accidental,1-10 Records,,,3.1622776601683795
Aleutian Tern,http://app.bto.org/birdfacts/results/bob6170.htm,Onychoprion aleuticus,Accidental,1-10 Records,,ALETE,3.1622776601683795
Bridled Tern,http://app.bto.org/birdfacts/results/bob6220.htm,Onychoprion anaethetus,Accidental,10 - 100 Records,,BRITE,31.622776601683803
Sooty Tern,http://app.bto.org/birdfacts/results/bob6230.htm,Onychoprion fuscatus,Accidental,10 - 100 Records,,SOOTE,31.622776601683803
Roseate Tern,http://app.bto.org/birdfacts/results/bob6140.htm,Sterna dougallii,"Migrant Breeder, Passage Visitor",10 - 100 Pairs,RS,ROSTE,31.622776601683803
Common Tern,http://app.bto.org/birdfacts/results/bob6150.htm,Sterna hirundo,"Migrant Breeder, Passage Visitor",10000 - 100000 Pairs,CN,COMTE,31622.77660168378
Arctic Tern,http://app.bto.org/birdfacts/results/bob6160.htm,Sterna paradisaea,"Migrant Breeder, Passage Visitor",10000 - 100000 Pairs,AE,ARCTE,31622.77660168378
Forster’s Tern,http://app.bto.org/birdfacts/results/bob6180.htm,Sterna forsteri,Accidental,10 - 100 Records,FO,FORTE,31.622776601683803
Whiskered Tern,http://app.bto.org/birdfacts/results/bob6260.htm,Chlidonias hybrida,Accidental,100-500 Records,WD,WHKTE,223.606797749979
White-winged Black Tern,http://app.bto.org/birdfacts/results/bob6280.htm,Chlidonias leucopterus,Scarce Visitor,10 - 100 Birds,WJ,WWBTE,31.622776601683803
Black Tern,http://app.bto.org/birdfacts/results/bob6270.htm,Chlidonias niger,"Former Breeder, Passage Visitor", ,BJ,BLATE,
Great Skua,http://app.bto.org/birdfacts/results/bob5690.htm,Stercorarius skua,"Migrant Breeder, Passage Visitor",1000 - 10000 Pairs,NX,GRESK,3162.2776601683804
Pomarine Skua,http://app.bto.org/birdfacts/results/bob5660.htm,Stercorarius pomarinus,Passage Visitor, ,PK,POMSK,
Arctic Skua,http://app.bto.org/birdfacts/results/bob5670.htm,Stercorarius parasiticus,"Migrant Breeder, Passage Visitor",1000 - 10000 Pairs,AC,ARCSK,3162.2776601683804
Long-tailed Skua,http://app.bto.org/birdfacts/results/bob5680.htm,Stercorarius longicaudus,"Passage Visitor, Has Bred", ,OG,LOTSK,
Little Auk,http://app.bto.org/birdfacts/results/bob6470.htm,Alle alle,Passage/Winter Visitor, ,LK,LITAU,
Brünnich’s Guillemot,http://app.bto.org/birdfacts/results/bob6350.htm,Uria lomvia,Accidental,10 - 100 Records,TZ,BRUGU,31.622776601683803
Guillemot,http://app.bto.org/birdfacts/results/bob6340.htm,Uria aalge,"Migrant/Resident Breeder, Winter Visitor",500000 - 1E06 Pairs,GU,GUILL,707106.7811865465
Razorbill,http://app.bto.org/birdfacts/results/bob6360.htm,Alca torda,"Migrant/Resident Breeder, Winter Visitor",100000 - 500000 Pairs,RA,RAZOR,223606.79774997893
Great Auk,http://app.bto.org/birdfacts/results/bob6370.htm,Pinguinus impennis,"Extinct (1844) Former Breeder, Last recorded 1840", ,,,
Black Guillemot,http://app.bto.org/birdfacts/results/bob6380.htm,Cepphus grylle,Resident Breeder,10000 - 100000 Pairs,TY,BLAGU,31622.77660168378
Long-billed Murrelet,http://app.bto.org/birdfacts/results/bob6412.htm,Brachyramphus perdix,Accidental,1-10 Records,,,3.1622776601683795
Ancient Murrelet,http://app.bto.org/birdfacts/results/bob6450.htm,Synthliboramphus antiquus,Accidental,1-10 Records,,,3.1622776601683795
Puffin,http://app.bto.org/birdfacts/results/bob6540.htm,Fratercula arctica,"Migrant/Resident Breeder, Passage/Winter Visitor",500000 - 1E06 Pairs,PU,PUFFI,707106.7811865465
Tufted Puffin,http://app.bto.org/birdfacts/results/bob35650.htm,Fratercula cirrhata,Accidental,1-10 Records,,,3.1622776601683795
Red-billed Tropicbird,http://app.bto.org/birdfacts/results/bob640.htm,Phaethon aethereus,Accidental,1-10 Records,,,3.1622776601683795
Ascension Frigatebird,http://app.bto.org/birdfacts/results/bob99030.htm,Fregata aquila,Accidental,1-10 Records,,,3.1622776601683795
Red-throated Diver,http://app.bto.org/birdfacts/results/bob20.htm,Gavia stellata,"Migrant/Resident Breeder, Passage/Winter Visitor",1000 - 10000 Pairs,RH,RETDI,3162.2776601683804
Black-throated Diver,http://app.bto.org/birdfacts/results/bob30.htm,Gavia arctica,"Migrant/Resident Breeder, Winter Visitor",100-500 Pairs,BV,BLTDI,223.606797749979
Pacific Diver,http://app.bto.org/birdfacts/results/bob32.htm,Gavia pacifica,Accidental,1-10 Records,KD,,3.1622776601683795
Great Northern Diver,http://app.bto.org/birdfacts/results/bob40.htm,Gavia immer,"Scarce Breeder, Winter Visitor",1000 - 10000 Birds,ND,GRNDI,3162.2776601683804
White-billed Diver,http://app.bto.org/birdfacts/results/bob50.htm,Gavia adamsii,Scarce Visitor,10 - 100 Birds,WV,WHBDI,31.622776601683803
Wilson’s Storm Petrel,http://app.bto.org/birdfacts/results/bob500.htm,Oceanites oceanicus,Scarce Visitor,10 - 100 Birds,,WILPE,31.622776601683803
White-faced Storm Petrel,http://app.bto.org/birdfacts/results/bob510.htm,Pelagodroma marina,Not Recorded since 1897, ,,WHFPE,
Black-browed Albatross,http://app.bto.org/birdfacts/results/bob140.htm,Thalassarche melanophris,Accidental,10 - 100 Records,AA,BLBAL,31.622776601683803
Atlantic Yellow-nosed Albatross,http://app.bto.org/birdfacts/results/bob151.htm,Thalassarche chlororhynchos,Accidental,1-10 Records,,YENAL,3.1622776601683795
Storm Petrel,http://app.bto.org/birdfacts/results/bob520.htm,Hydrobates pelagicus,Migrant Breeder,10000 - 100000 Nests,TM,STOPE,31622.77660168378
Swinhoe’s Storm Petrel,http://app.bto.org/birdfacts/results/bob560.htm,Oceanodroma monorhis,Accidental,1-10 Records,,SWSPE,3.1622776601683795
Leach’s Petrel,http://app.bto.org/birdfacts/results/bob550.htm,Oceanodroma leucorhoa,"Migrant Breeder, Passage Visitor",10000 - 100000 Pairs,TL,LEAPE,31622.77660168378
Fulmar,http://app.bto.org/birdfacts/results/bob220.htm,Fulmarus glacialis,"Migrant/Resident Breeder, Passage Visitor",500000 - 1E06 Pairs,F.,FULMA,707106.7811865465
Black-capped Petrel,http://app.bto.org/birdfacts/results/bob290.htm,Pterodroma hasitata,Accidental,1-10 Records,,BLCPE,3.1622776601683795
Scopoli's Shearwater,http://app.bto.org/birdfacts/results/bob361.htm,Calonectris diomedea,Accidental,1-10 Records,,,3.1622776601683795
Cory’s Shearwater,http://app.bto.org/birdfacts/results/bob360.htm,Calonectris borealis,Scarce Migrant,500 - 1000 Birds,CQ,CORSH,707.1067811865473
Sooty Shearwater,http://app.bto.org/birdfacts/results/bob430.htm,Ardenna grisea,Passage Visitor, ,OT,SOOSH,
Great Shearwater,http://app.bto.org/birdfacts/results/bob400.htm,Ardenna gravis,Scarce Migrant, ,GQ,GRTSH,
Manx Shearwater,http://app.bto.org/birdfacts/results/bob460.htm,Puffinus puffinus,Migrant Breeder,100000 - 500000 Pairs,MX,MANSH,223606.79774997893
Yelkouan Shearwater,http://app.bto.org/birdfacts/results/bob462.htm,Puffinus yelkouan,Accidental,1-10 Records,,,3.1622776601683795
Balearic Shearwater,http://app.bto.org/birdfacts/results/bob463.htm,Puffinus mauretanicus,Passage Visitor,1000 - 10000 Birds,YQ,BALSH,3162.2776601683804
Barolo Shearwater,http://app.bto.org/birdfacts/results/bob482.htm,Puffinus baroli,Accidental,10 - 100 Records,MV,LITSH,31.622776601683803
Black Stork,http://app.bto.org/birdfacts/results/bob1310.htm,Ciconia nigra,Accidental,100-500 Records,OS,BLAST,223.606797749979
White Stork,http://app.bto.org/birdfacts/results/bob1340.htm,Ciconia ciconia,"Former Breeder, Scarce Visitor",10 - 100 Birds,OR,WHIST,31.622776601683803
Magnificent Frigatebird,http://app.bto.org/birdfacts/results/bob930.htm,Fregata magnificens,Accidental,1-10 Records,,,3.1622776601683795
Gannet,http://app.bto.org/birdfacts/results/bob710.htm,Morus bassanus,"Migrant/Resident Breeder, Passage Visitor",100000 - 500000 Nests,GX,GANNE,223606.79774997893
Red-footed Booby,http://app.bto.org/birdfacts/results/bob670.htm,Sula sula,Accidental,1-10 Records,,,3.1622776601683795
Double-crested Cormorant,http://app.bto.org/birdfacts/results/bob780.htm,Phalacrocorax auritus,Accidental,1-10 Records,,,3.1622776601683795
Shag,http://app.bto.org/birdfacts/results/bob800.htm,Phalacrocorax aristotelis,Resident Breeder,10000 - 100000 Pairs,SA,SHAG.,31622.77660168378
Cormorant,http://app.bto.org/birdfacts/results/bob720.htm,Phalacrocorax carbo,"Migrant/Resident Breeder, Passage/Winter Visitor",1000 - 10000 Pairs,CA,CORMO,3162.2776601683804
Glossy Ibis,http://app.bto.org/birdfacts/results/bob1360.htm,Plegadis falcinellus,Scarce Visitor,10 - 100 Birds,IB,GLOIB,31.622776601683803
Spoonbill,http://app.bto.org/birdfacts/results/bob1440.htm,Platalea leucorodia,"Former, but now Scarce, Breeder, Scarce Visitor",10 - 100 Birds,NB,SPOON,31.622776601683803
Bittern,http://app.bto.org/birdfacts/results/bob950.htm,Botaurus stellaris,"Resident Breeder, Winter Visitor",10 - 100 Males,BI,BITTE,31.622776601683803
American Bittern,http://app.bto.org/birdfacts/results/bob960.htm,Botaurus lentiginosus,Accidental,1-10 Records,AM,AMEBI,3.1622776601683795
Little Bittern,http://app.bto.org/birdfacts/results/bob980.htm,Ixobrychus minutus,"Accidental, Has Bred",100-500 Records,LL,LITBI,223.606797749979
Night Heron,http://app.bto.org/birdfacts/results/bob1040.htm,Nycticorax nycticorax,"Escaped Breeder, Scarce Visitor",10 - 100 Birds,NT,NIGHE,31.622776601683803
Green Heron,http://app.bto.org/birdfacts/results/bob1070.htm,Butorides virescens,Accidental,1-10 Records,HR,GRBHE,3.1622776601683795
Squacco Heron,http://app.bto.org/birdfacts/results/bob1080.htm,Ardeola ralloides,Accidental,10 - 100 Records,QH,SQUHE,31.622776601683803
Chinese Pond Heron,http://app.bto.org/birdfacts/results/bob1100.htm,Ardeola bacchus,Accidental,1-10 Records,,,3.1622776601683795
Cattle Egret,http://app.bto.org/birdfacts/results/bob1110.htm,Bubulcus ibis,"Scarce Visitor, Has Bred",10 - 100 Birds,EC,CATEG,31.622776601683803
Grey Heron,http://app.bto.org/birdfacts/results/bob1220.htm,Ardea cinerea,"Resident Breeder, Winter Visitor",10000 - 100000 Pairs,H.,GREHE,31622.77660168378
Great Blue Heron,http://app.bto.org/birdfacts/results/bob1230.htm,Ardea herodias,Accidental,1-10 Records,,,3.1622776601683795
Purple Heron,http://app.bto.org/birdfacts/results/bob1240.htm,Ardea purpurea,"Scarce Visitor, Has Bred",10 - 100 Birds,UR,PURHE,31.622776601683803
Great White Egret,http://app.bto.org/birdfacts/results/bob1210.htm,Ardea alba,"Scarce Visitor, Has Bred",10 - 100 Birds,HW,GRWEG,31.622776601683803
Snowy Egret,http://app.bto.org/birdfacts/results/bob1150.htm,Egretta thula,Accidental,1-10 Records,NY,,3.1622776601683795
Little Egret,http://app.bto.org/birdfacts/results/bob1190.htm,Egretta garzetta,"Resident Breeder, Passage Visitor",500 - 1000 Pairs,ET,LITEG,707.1067811865473
Dalmatian Pelican,http://app.bto.org/birdfacts/results/bob890.htm,Pelecanus crispus,Accidental,1-10 Records,,,3.1622776601683795
Osprey,http://app.bto.org/birdfacts/results/bob3010.htm,Pandion haliaetus,"Migrant Breeder, Passage Visitor",100-500 Pairs,OP,OSPRE,223.606797749979
Egyptian Vulture,http://app.bto.org/birdfacts/results/bob2470.htm,Neophron percnopterus,Not Recorded since 1868, ,,EGYVU,
Honey-buzzard,http://app.bto.org/birdfacts/results/bob2310.htm,Pernis apivorus,"Migrant Breeder, Passage Visitor",100-500 Pairs,HZ,HONBU,223.606797749979
Short-toed Eagle,http://app.bto.org/birdfacts/results/bob2560.htm,Circaetus gallicus,Accidental,1-10 Records,,SHTEA,3.1622776601683795
Spotted Eagle,http://app.bto.org/birdfacts/results/bob2930.htm,Clanga clanga,Not Recorded since 1915, ,,SPOEA,
Golden Eagle,http://app.bto.org/birdfacts/results/bob2960.htm,Aquila chrysaetos,Resident Breeder,100-500 Pairs,EA,GOLEA,223.606797749979
Sparrowhawk,http://app.bto.org/birdfacts/results/bob2690.htm,Accipiter nisus,"Resident Breeder, Passage/Winter Visitor",10000 - 100000 Pairs,SH,SPARR,31622.77660168378
Goshawk,http://app.bto.org/birdfacts/results/bob2670.htm,Accipiter gentilis,Re-introduced Breeder,100-500 Pairs,GI,GOSHA,223.606797749979
Marsh Harrier,http://app.bto.org/birdfacts/results/bob2600.htm,Circus aeruginosus,"Migrant/Resident Breeder, Passage Visitor",100-500 Pairs,MR,MARHA,223.606797749979
Hen Harrier,http://app.bto.org/birdfacts/results/bob2610.htm,Circus cyaneus,"Migrant/Resident Breeder, Passage/Winter Visitor",500 - 1000 Pairs,HH,HENHA,707.1067811865473
Northern Harrier,http://app.bto.org/birdfacts/results/bob2612.htm,Circus hudsonius,Accidental,1-10 Records,,,3.1622776601683795
Pallid Harrier,http://app.bto.org/birdfacts/results/bob2620.htm,Circus macrourus,Accidental,10 - 100 Records,HI,PALHA,31.622776601683803
Montagu’s Harrier,http://app.bto.org/birdfacts/results/bob2630.htm,Circus pygargus,"Migrant Breeder, Passage Visitor",10 - 100 Pairs,MO,MONHA,31.622776601683803
Red Kite,http://app.bto.org/birdfacts/results/bob2390.htm,Milvus milvus,"Resident/Introduced Breeder, Passage Visitor",1000 - 10000 Pairs,KT,REDKI,3162.2776601683804
Black Kite,http://app.bto.org/birdfacts/results/bob2380.htm,Milvus migrans,Scarce Visitor,10 - 100 Birds,KB,BLAKI,31.622776601683803
White-tailed Eagle,http://app.bto.org/birdfacts/results/bob2430.htm,Haliaeetus albicilla,"Re-introduced Breeder, Accidental",10 - 100 Pairs,WE,WHTEA,31.622776601683803
Rough-legged Buzzard,http://app.bto.org/birdfacts/results/bob2900.htm,Buteo lagopus,Passage/Winter Visitor,10 - 100 Birds,RF,ROLBU,31.622776601683803
Buzzard,http://app.bto.org/birdfacts/results/bob2870.htm,Buteo buteo,"Resident Breeder, Passage/Winter Visitor",10000 - 100000 Pairs,BZ,BUZZA,31622.77660168378
Barn Owl,http://app.bto.org/birdfacts/results/bob7350.htm,Tyto alba,Resident Breeder,1000 - 10000 Pairs,BO,BAROW,3162.2776601683804
Scops Owl,http://app.bto.org/birdfacts/results/bob7390.htm,Otus scops,Accidental,10 - 100 Records,IQ,SCOOW,31.622776601683803
Snowy Owl,http://app.bto.org/birdfacts/results/bob7490.htm,Bubo scandiacus,"Accidental, Former Breeder",100-500 Records,SO,SNOOW,223.606797749979
Eurasian Eagle-Owl,http://app.bto.org/birdfacts/results/bob7440.htm,Bubo bubo,Escaped (?) Breeder, ,EO,EAGOW,
Tawny Owl,http://app.bto.org/birdfacts/results/bob7610.htm,Strix aluco,Resident Breeder,10000 - 100000 Pairs,TO,TAWOW,31622.77660168378
Hawk Owl,http://app.bto.org/birdfacts/results/bob7500.htm,Surnia ulula,Accidental,1-10 Records,,HAWOW,3.1622776601683795
Little Owl,http://app.bto.org/birdfacts/results/bob7570.htm,Athene noctua,Introduced Breeder,1000 - 10000 Pairs,LO,LITOW,3162.2776601683804
Tengmalm’s Owl,http://app.bto.org/birdfacts/results/bob7700.htm,Aegolius funereus,Accidental,1-10 Records,,TENOW,3.1622776601683795
Long-eared Owl,http://app.bto.org/birdfacts/results/bob7670.htm,Asio otus,"Resident Breeder, Passage/Winter Visitor",1000 - 10000 Pairs,LE,LOEOW,3162.2776601683804
Short-eared Owl,http://app.bto.org/birdfacts/results/bob7680.htm,Asio flammeus,"Migrant/Resident Breeder, Passage/Winter Visitor",1000 - 10000 Pairs,SE,SHEOW,3162.2776601683804
Hoopoe,http://app.bto.org/birdfacts/results/bob8460.htm,Upupa epops,"Scarce Visitor, Has Bred",100-500 Birds,HP,HOOPO,223.606797749979
Roller,http://app.bto.org/birdfacts/results/bob8410.htm,Coracias garrulus,Accidental,100-500 Records,,ROLLE,223.606797749979
Kingfisher,http://app.bto.org/birdfacts/results/bob8310.htm,Alcedo atthis,Migrant/Resident Breeder,1000 - 10000 Pairs,KF,KINGF,3162.2776601683804
Belted Kingfisher,http://app.bto.org/birdfacts/results/bob8340.htm,Megaceryle alcyon,Accidental,1-10 Records,,BELKI,3.1622776601683795
Blue-cheeked Bee-eater,http://app.bto.org/birdfacts/results/bob8390.htm,Merops persicus,Accidental,1-10 Records,,BLCBE,3.1622776601683795
Bee-eater,http://app.bto.org/birdfacts/results/bob8400.htm,Merops apiaster,"Scarce Visitor, Has Bred",10 - 100 Birds,MZ,BEEEA,31.622776601683803
Wryneck,http://app.bto.org/birdfacts/results/bob8480.htm,Jynx torquilla,"Former Breeder, Scarce Visitor",100-500 Birds,WY,WRYNE,223.606797749979
Yellow-bellied Sapsucker,http://app.bto.org/birdfacts/results/bob8720.htm,Sphyrapicus varius,Accidental,1-10 Records,,YEBSA,3.1622776601683795
Lesser Spotted Woodpecker,http://app.bto.org/birdfacts/results/bob8870.htm,Dryobates minor,Resident Breeder,1000 - 10000 Pairs,LS,LESWO,3162.2776601683804
Great Spotted Woodpecker,http://app.bto.org/birdfacts/results/bob8760.htm,Dendrocopos major,"Resident Breeder, Scarce Visitor",100000 - 500000 Pairs,GS,GRSWO,223606.79774997893
Green Woodpecker,http://app.bto.org/birdfacts/results/bob8560.htm,Picus viridis,Resident Breeder,10000 - 100000 Pairs,G.,GREWO,31622.77660168378
Lesser Kestrel,http://app.bto.org/birdfacts/results/bob3030.htm,Falco naumanni,Accidental,10 - 100 Records,,LESKE,31.622776601683803
Kestrel,http://app.bto.org/birdfacts/results/bob3040.htm,Falco tinnunculus,"Migrant/Resident Breeder, Passage/Winter Visitor",10000 - 100000 Pairs,K.,KESTR,31622.77660168378
American Kestrel,http://app.bto.org/birdfacts/results/bob3050.htm,Falco sparverius,Accidental,1-10 Records,,AMEKE,3.1622776601683795
Red-footed Falcon,http://app.bto.org/birdfacts/results/bob3070.htm,Falco vespertinus,Scarce Visitor,10 - 100 Birds,FV,REFFA,31.622776601683803
Amur Falcon,http://app.bto.org/birdfacts/results/bob3080.htm,Falco amurensis,Accidental,1-10 Records,,,3.1622776601683795
Eleonora’s Falcon,http://app.bto.org/birdfacts/results/bob3110.htm,Falco eleonorae,Accidental,1-10 Records,,ELEFA,3.1622776601683795
Merlin,http://app.bto.org/birdfacts/results/bob3090.htm,Falco columbarius,"Migrant/Resident Breeder, Passage/Winter Visitor",1000 - 10000 Pairs,ML,MERLI,3162.2776601683804
Hobby,http://app.bto.org/birdfacts/results/bob3100.htm,Falco subbuteo,"Migrant Breeder, Passage Visitor",1000 - 10000 Pairs,HY,HOBBY,3162.2776601683804
Gyrfalcon,http://app.bto.org/birdfacts/results/bob3180.htm,Falco rusticolus,Accidental,100-500 Records,YF,GYRFA,223.606797749979
Peregrine,http://app.bto.org/birdfacts/results/bob3200.htm,Falco peregrinus,"Resident Breeder, Passage/Winter Visitor",1000 - 10000 Pairs,PE,PEREG,3162.2776601683804
Ring-necked Parakeet,http://app.bto.org/birdfacts/results/bob7120.htm,Psittacula krameri,Introduced Breeder,1000 - 10000 Pairs,RI,RINPA,3162.2776601683804
Eastern Phoebe,http://app.bto.org/birdfacts/results/bob9090.htm,Sayornis phoebe,Accidental,1-10 Records,,,3.1622776601683795
Acadian Flycatcher,http://app.bto.org/birdfacts/results/bob9140.htm,Empidonax virescens,Accidental,1-10 Records,,,3.1622776601683795
Alder Flycatcher,http://app.bto.org/birdfacts/results/bob9230.htm,Empidonax alnorum,Accidental,1-10 Records,,,3.1622776601683795
Eastern Kingbird,http://app.bto.org/birdfacts/results/bob9480.htm,Tyrannus tyrannus,Accidental,1-10 Records,,,3.1622776601683795
Brown Shrike,http://app.bto.org/birdfacts/results/bob15130.htm,Lanius cristatus,Accidental,10 - 100 Records,,,31.622776601683803
Red-backed Shrike,http://app.bto.org/birdfacts/results/bob15150.htm,Lanius collurio,"Former Breeder, Scarce Visitor",100-500 Birds,ED,REBSH,223.606797749979
Daurian Shrike,http://app.bto.org/birdfacts/results/bob15153.htm,Lanius isabellinus,Accidental,100-500 Records,IL,ISASH,223.606797749979
Turkestan Shrike,http://app.bto.org/birdfacts/results/bob15152.htm,Lanius phoenicuroides,Accidental,1-10 Records,,,3.1622776601683795
Long-tailed Shrike,http://app.bto.org/birdfacts/results/bob15170.htm,Lanius schach,Accidental,1-10 Records,,,3.1622776601683795
Lesser Grey Shrike,http://app.bto.org/birdfacts/results/bob15190.htm,Lanius minor,Accidental,100-500 Records,,LEGSH,223.606797749979
Great Grey Shrike,http://app.bto.org/birdfacts/results/bob15201.htm,Lanius excubitor,Passage/Winter Visitor,10 - 100 Birds,SR,GRGSH,31.622776601683803
Woodchat Shrike,http://app.bto.org/birdfacts/results/bob15230.htm,Lanius senator,Scarce Visitor,10 - 100 Birds,OO,WOOSH,31.622776601683803
Masked Shrike,http://app.bto.org/birdfacts/results/bob15240.htm,Lanius nubicus,Accidental,1-10 Records,,MASSH,3.1622776601683795
Yellow-throated Vireo,http://app.bto.org/birdfacts/results/bob16280.htm,Vireo flavifrons,Accidental,1-10 Records,,,3.1622776601683795
Philadelphia Vireo,http://app.bto.org/birdfacts/results/bob16310.htm,Vireo philadelphicus,Accidental,1-10 Records,,PHIVI,3.1622776601683795
Red-eyed Vireo,http://app.bto.org/birdfacts/results/bob16330.htm,Vireo olivaceus,Accidental,100-500 Records,EV,REEVI,223.606797749979
Golden Oriole,http://app.bto.org/birdfacts/results/bob15080.htm,Oriolus oriolus,"Scarce Breeder, Passage Visitor",1-10 Pairs,OL,GOLOR,3.1622776601683795
Jay,http://app.bto.org/birdfacts/results/bob15390.htm,Garrulus glandarius,Resident Breeder,100000 - 500000 Territories,J.,JAY..,223606.79774997893
Magpie,http://app.bto.org/birdfacts/results/bob15490.htm,Pica pica,Resident Breeder,500000 - 1E06 Territories,MG,MAGPI,707106.7811865465
Nutcracker,http://app.bto.org/birdfacts/results/bob15570.htm,Nucifraga caryocatactes,Accidental, ,NC,NUTCR,
Chough,http://app.bto.org/birdfacts/results/bob15590.htm,Pyrrhocorax pyrrhocorax,Resident Breeder,100-500 Pairs,CF,CHOUG,223.606797749979
Jackdaw,http://app.bto.org/birdfacts/results/bob15600.htm,Coloeus monedula,"Resident Breeder, Winter Visitor",1.3E06 Pairs,JD,JACKD,1300000.0
Rook,http://app.bto.org/birdfacts/results/bob15630.htm,Corvus frugilegus,"Resident Breeder, Winter Visitor",500000 - 1E06 Pairs,RO,ROOK.,707106.7811865465
Carrion Crow,http://app.bto.org/birdfacts/results/bob15671.htm,Corvus corone,"Resident Breeder, Winter Visitor",1E06 Territories,C.,CARCR,1000000.0
Hooded Crow,http://app.bto.org/birdfacts/results/bob15673.htm,Corvus cornix,"Resident Breeder, Winter Visitor",100000 - 500000 Territories,HC,HOOCR,223606.79774997893
Raven,http://app.bto.org/birdfacts/results/bob15720.htm,Corvus corax,Resident Breeder,1000 - 10000 Pairs,RN,RAVEN,3162.2776601683804
Waxwing,http://app.bto.org/birdfacts/results/bob10480.htm,Bombycilla garrulus,Winter Visitor,10000 - 100000 Birds,WX,WAXWI,31622.77660168378
Cedar Waxwing,http://app.bto.org/birdfacts/results/bob10460.htm,Bombycilla cedrorum,Accidental,1-10 Records,,,3.1622776601683795
Coal Tit,http://app.bto.org/birdfacts/results/bob14610.htm,Periparus ater,Resident Breeder,500000 - 1E06 Territories,CT,COATI,707106.7811865465
Crested Tit,http://app.bto.org/birdfacts/results/bob14540.htm,Lophophanes cristatus,Resident Breeder,1000 - 10000 Pairs,CI,CRETI,3162.2776601683804
Marsh Tit,http://app.bto.org/birdfacts/results/bob14400.htm,Poecile palustris,Resident Breeder,10000 - 100000 Territories,MT,MARTI,31622.77660168378
Willow Tit,http://app.bto.org/birdfacts/results/bob14420.htm,Poecile montanus,Resident Breeder,1000 - 10000 Pairs,WT,WILTI,3162.2776601683804
Blue Tit,http://app.bto.org/birdfacts/results/bob14620.htm,Cyanistes caeruleus,"Resident Breeder, Winter Visitor",3.4E06 Territories,BT,BLUTI,3400000.0
Great Tit,http://app.bto.org/birdfacts/results/bob14640.htm,Parus major,"Resident Breeder, Winter Visitor",2.5E06 Territories,GT,GRETI,2500000.0
Penduline Tit,http://app.bto.org/birdfacts/results/bob14900.htm,Remiz pendulinus,Scarce Visitor,10 - 100 Birds,DT,PENTI,31.622776601683803
Bearded Tit,http://app.bto.org/birdfacts/results/bob13640.htm,Panurus biarmicus,"Resident Breeder, Passage/Winter Visitor",500 - 1000 Pairs,BR,BEATI,707.1067811865473
Woodlark,http://app.bto.org/birdfacts/results/bob9740.htm,Lullula arborea,"Resident/Migrant Breeder, Passage Visitor",1000 - 10000 Pairs,WL,WOODL,3162.2776601683804
White-winged Lark,http://app.bto.org/birdfacts/results/bob9650.htm,Alauda leucoptera,Accidental,1-10 Records,,WHWLA,3.1622776601683795
Skylark,http://app.bto.org/birdfacts/results/bob9760.htm,Alauda arvensis,"Resident Breeder, Passage/Winter Visitor",1.4E06 Territories,S.,SKYLA,1400000.0
Crested Lark,http://app.bto.org/birdfacts/results/bob9720.htm,Galerida cristata,Accidental,10 - 100 Records,,CRELA,31.622776601683803
Shore Lark,http://app.bto.org/birdfacts/results/bob9780.htm,Eremophila alpestris,"Scarce Breeder, Winter Visitor",10 - 100 Birds,SX,SHOLA,31.622776601683803
Short-toed Lark,http://app.bto.org/birdfacts/results/bob9680.htm,Calandrella brachydactyla,Scarce Visitor,10 - 100 Birds,VL,SHTLA,31.622776601683803
Bimaculated Lark,http://app.bto.org/birdfacts/results/bob9620.htm,Melanocorypha bimaculata,Accidental,1-10 Records,,BIMLA,3.1622776601683795
Calandra Lark,http://app.bto.org/birdfacts/results/bob9610.htm,Melanocorypha calandra,Accidental,10 - 100 Records,,CALLA,31.622776601683803
Black Lark,http://app.bto.org/birdfacts/results/bob9660.htm,Melanocorypha yeltoniensis,Accidental,1-10 Records,,,3.1622776601683795
Lesser Short-toed Lark,http://app.bto.org/birdfacts/results/bob9700.htm,Alaudala rufescens,Accidental,1-10 Records,,LSTLA,3.1622776601683795
Sand Martin,http://app.bto.org/birdfacts/results/bob9810.htm,Riparia riparia,"Migrant Breeder, Passage Visitor",100000 - 500000 Nests,SM,SANMA,223606.79774997893
Tree Swallow,http://app.bto.org/birdfacts/results/bob9830.htm,Tachycineta bicolor,Accidental,1-10 Records,,,3.1622776601683795
Purple Martin,http://app.bto.org/birdfacts/results/bob9890.htm,Progne subis,Accidental,1-10 Records,,,3.1622776601683795
Swallow,http://app.bto.org/birdfacts/results/bob9920.htm,Hirundo rustica,"Migrant Breeder, Passage Visitor",500000 - 1E06 Territories,SL,SWALL,707106.7811865465
Crag Martin,http://app.bto.org/birdfacts/results/bob9910.htm,Ptyonoprogne rupestris,Accidental,10 - 100 Records,,CRAMA,31.622776601683803
House Martin,http://app.bto.org/birdfacts/results/bob10010.htm,Delichon urbicum,"Migrant Breeder, Passage Visitor",500000 - 1E06 Pairs,HM,HOUMA,707106.7811865465
Red-rumped Swallow,http://app.bto.org/birdfacts/results/bob9950.htm,Cecropis daurica,Scarce Visitor,10 - 100 Birds,VR,RERSW,31.622776601683803
American Cliff Swallow,http://app.bto.org/birdfacts/results/bob9980.htm,Petrochelidon pyrrhonota,Accidental,1-10 Records,,CLISW,3.1622776601683795
Cetti’s Warbler,http://app.bto.org/birdfacts/results/bob12200.htm,Cettia cetti,"Resident Breeder, Passage Visitor",1000 - 10000 Males,CW,CETWA,3162.2776601683804
Long-tailed Tit,http://app.bto.org/birdfacts/results/bob14370.htm,Aegithalos caudatus,Resident Breeder,100000 - 500000 Territories,LT,LOTTI,223606.79774997893
Wood Warbler,http://app.bto.org/birdfacts/results/bob13080.htm,Phylloscopus sibilatrix,"Migrant Breeder, Passage Visitor",1000 - 10000 Males,WO,WOOWA,3162.2776601683804
Western Bonelli’s Warbler,http://app.bto.org/birdfacts/results/bob13071.htm,Phylloscopus bonelli,Accidental,100-500 Records,IW,BONWA,223.606797749979
Eastern Bonelli’s Warbler,http://app.bto.org/birdfacts/results/bob13072.htm,Phylloscopus orientalis,Accidental,1-10 Records,,EABWA,3.1622776601683795
Hume’s Warbler,http://app.bto.org/birdfacts/results/bob13002.htm,Phylloscopus humei,Accidental,100-500 Records,,HULWA,223.606797749979
Yellow-browed Warbler,http://app.bto.org/birdfacts/results/bob13000.htm,Phylloscopus inornatus,Passage/Winter Visitor,1000 - 10000 Birds,YB,YEBWA,3162.2776601683804
Pallas’s Warbler,http://app.bto.org/birdfacts/results/bob12980.htm,Phylloscopus proregulus,Scarce Visitor,10 - 100 Birds,PA,PALWA,31.622776601683803
Radde’s Warbler,http://app.bto.org/birdfacts/results/bob13010.htm,Phylloscopus schwarzi,Scarce Visitor,10 - 100 Birds,,RADWA,31.622776601683803
Dusky Warbler,http://app.bto.org/birdfacts/results/bob13030.htm,Phylloscopus fuscatus,Scarce Visitor,10 - 100 Birds,UY,DUSWA,31.622776601683803
Willow Warbler,http://app.bto.org/birdfacts/results/bob13120.htm,Phylloscopus trochilus,"Migrant Breeder, Passage Visitor",2.2E06 Territories,WW,WILWA,2200000.0
Chiffchaff,http://app.bto.org/birdfacts/results/bob13110.htm,Phylloscopus collybita,"Migrant Breeder, Passage/Winter Visitor",1.1E06 Territories,CC,CHIFF,1100000.0
Iberian Chiffchaff,http://app.bto.org/birdfacts/results/bob13115.htm,Phylloscopus ibericus,"Accidental, Has Bred",10 - 100 Records,IR,IBECH,31.622776601683803
Eastern Crowned Warbler,http://app.bto.org/birdfacts/results/bob12860.htm,Phylloscopus coronatus,Accidental,1-10 Records,,,3.1622776601683795
Green Warbler,http://app.bto.org/birdfacts/results/bob12910.htm,Phylloscopus nitidus,Accidental,1-10 Records,,GRNWA,3.1622776601683795
Two-barred Greenish Warbler,http://app.bto.org/birdfacts/results/bob12920.htm,Phylloscopus plumbeitarsus,Accidental,1-10 Records,,,3.1622776601683795
Greenish Warbler,http://app.bto.org/birdfacts/results/bob12930.htm,Phylloscopus trochiloides,Scarce Visitor,10 - 100 Birds,,GSHWA,31.622776601683803
Pale-legged Leaf Warbler,http://app.bto.org/birdfacts/results/bob12880.htm,Phylloscopus tenellipes,Accidental,1-10 Records,,,3.1622776601683795
Arctic Warbler,http://app.bto.org/birdfacts/results/bob12950.htm,Phylloscopus borealis,Scarce Visitor,100-500 Records,AP,ARCWA,223.606797749979
Great Reed Warbler,http://app.bto.org/birdfacts/results/bob12530.htm,Acrocephalus arundinaceus,Accidental,100-500 Records,QW,GRRWA,223.606797749979
Aquatic Warbler,http://app.bto.org/birdfacts/results/bob12420.htm,Acrocephalus paludicola,Passage Visitor,10 - 100 Birds,AQ,AQUWA,31.622776601683803
Sedge Warbler,http://app.bto.org/birdfacts/results/bob12430.htm,Acrocephalus schoenobaenus,"Migrant Breeder, Passage Visitor",100000 - 500000 Territories,SW,SEDWA,223606.79774997893
Paddyfield Warbler,http://app.bto.org/birdfacts/results/bob12470.htm,Acrocephalus agricola,Accidental,100-500 Records,PY,PADWA,223.606797749979
Blyth’s Reed Warbler,http://app.bto.org/birdfacts/results/bob12480.htm,Acrocephalus dumetorum,Scarce Visitor,10 - 100 Birds,DU,BLRWA,31.622776601683803
Reed Warbler,http://app.bto.org/birdfacts/results/bob12510.htm,Acrocephalus scirpaceus,"Migrant Breeder, Passage Visitor",100000 - 500000 Pairs,RW,REEWA,223606.79774997893
Marsh Warbler,http://app.bto.org/birdfacts/results/bob12500.htm,Acrocephalus palustris,"Scarce Visitor, Scarce Breeder",10 - 100 Birds,MW,MARWA,31.622776601683803
Thick-billed Warbler,http://app.bto.org/birdfacts/results/bob12540.htm,Arundinax aedon,Accidental,1-10 Records,,THBWA,3.1622776601683795
Booted Warbler,http://app.bto.org/birdfacts/results/bob12560.htm,Iduna caligata,Accidental,100-500 Records,DM,BOOWA,223.606797749979
Sykes’s Warbler,http://app.bto.org/birdfacts/results/bob12562.htm,Iduna rama,Accidental,10 - 100 Records,,SYKWA,31.622776601683803
Eastern Olivaceous Warbler,http://app.bto.org/birdfacts/results/bob12550.htm,Iduna pallida,Accidental,10 - 100 Records,,EAOWA,31.622776601683803
Olive-tree Warbler,http://app.bto.org/birdfacts/results/bob12580.htm,Hippolais olivetorum,Accidental,1-10 Records,,,3.1622776601683795
Melodious Warbler,http://app.bto.org/birdfacts/results/bob12600.htm,Hippolais polyglotta,Scarce Visitor,10 - 100 Birds,ME,MELWA,31.622776601683803
Icterine Warbler,http://app.bto.org/birdfacts/results/bob12590.htm,Hippolais icterina,"Scarce Visitor, Scarce Breeder",10 - 100 Birds,IC,ICTWA,31.622776601683803
Pallas’s Grasshopper Warbler,http://app.bto.org/birdfacts/results/bob12330.htm,Helopsaltes certhiola,Accidental,10 - 100 Records,,PAGWA,31.622776601683803
Lanceolated Warbler,http://app.bto.org/birdfacts/results/bob12350.htm,Locustella lanceolata,Accidental,100-500 Records,,LANWA,223.606797749979
Grasshopper Warbler,http://app.bto.org/birdfacts/results/bob12360.htm,Locustella naevia,"Migrant Breeder, Passage Visitor",10000 - 100000 Territories,GH,GRAWA,31622.77660168378
River Warbler,http://app.bto.org/birdfacts/results/bob12370.htm,Locustella fluviatilis,Accidental,10 - 100 Records,VW,RIVWA,31.622776601683803
Savi’s Warbler,http://app.bto.org/birdfacts/results/bob12380.htm,Locustella luscinioides,"Scarce Visitor, Scarce Breeder",500 - 1000 Records,VI,SAVWA,707.1067811865473
Zitting Cisticola,http://app.bto.org/birdfacts/results/bob12260.htm,Cisticola juncidis,Accidental,1-10 Records,FZ,FATWA,3.1622776601683795
Blackcap,http://app.bto.org/birdfacts/results/bob12770.htm,Sylvia atricapilla,"Migrant Breeder, Passage/Winter Visitor",1.1E06 Territories,BC,BLACA,1100000.0
Garden Warbler,http://app.bto.org/birdfacts/results/bob12760.htm,Sylvia borin,"Migrant Breeder, Passage Visitor",100000 - 500000 Territories,GW,GARWA,223606.79774997893
Barred Warbler,http://app.bto.org/birdfacts/results/bob12730.htm,Sylvia nisoria,Scarce Visitor,100-500 Birds,RR,BARWA,223.606797749979
Lesser Whitethroat,http://app.bto.org/birdfacts/results/bob12740.htm,Sylvia curruca,"Migrant Breeder, Passage Visitor",10000 - 100000 Territories,LW,LESWH,31622.77660168378
Western Orphean Warbler,http://app.bto.org/birdfacts/results/bob12720.htm,Sylvia hortensis,Accidental,1-10 Records,,ORPWA,3.1622776601683795
Eastern Orphean Warbler,http://app.bto.org/birdfacts/results/bob12722.htm,Sylvia crassirostris,Accidental,1-10 Records,,,3.1622776601683795
Asian Desert Warbler,http://app.bto.org/birdfacts/results/bob12700.htm,Sylvia nana,Accidental,10 - 100 Records,DA,DESWA,31.622776601683803
Whitethroat,http://app.bto.org/birdfacts/results/bob12750.htm,Sylvia communis,"Migrant Breeder, Passage Visitor",1.1E06 Territories,WH,WHITE,1100000.0
Dartford Warbler,http://app.bto.org/birdfacts/results/bob12620.htm,Sylvia undata,Resident Breeder,1000 - 10000 Pairs,DW,DARWA,3162.2776601683804
Marmora’s Warbler,http://app.bto.org/birdfacts/results/bob12610.htm,Sylvia sarda,Accidental,1-10 Records,,MAMWA,3.1622776601683795
Spectacled Warbler,http://app.bto.org/birdfacts/results/bob12640.htm,Sylvia conspicillata,Accidental,1-10 Records,VY,SPEWA,3.1622776601683795
Subalpine Warbler,http://app.bto.org/birdfacts/results/bob12650.htm,Sylvia cantillans,Scarce Visitor,10 - 100 Birds,VZ,SUBWA,31.622776601683803
Moltoni's Subalpine Warbler,http://app.bto.org/birdfacts/results/bob12652.htm,Sylvia subalpina,Accidental,1-10 Records,,,3.1622776601683795
Sardinian Warbler,http://app.bto.org/birdfacts/results/bob12670.htm,Sylvia melanocephala,Accidental,10 - 100 Records,VX,SARWA,31.622776601683803
Rüppell’s Warbler,http://app.bto.org/birdfacts/results/bob12690.htm,Sylvia ruppeli,Accidental,1-10 Records,,RUPWA,3.1622776601683795
Firecrest,http://app.bto.org/birdfacts/results/bob13150.htm,Regulus ignicapilla,"Migrant/Resident Breeder, Passage/Winter Visitor",500 - 1000 Territories,FC,FIREC,707.1067811865473
Goldcrest,http://app.bto.org/birdfacts/results/bob13140.htm,Regulus regulus,"Resident Breeder, Passage/Winter Visitor",500000 - 1E06 Territories,GC,GOLDC,707106.7811865465
Wren,http://app.bto.org/birdfacts/results/bob10660.htm,Troglodytes troglodytes,"Resident Breeder, Passage/Winter Visitor",7.7E06 Territories,WR,WREN.,7700000.0
Nuthatch,http://app.bto.org/birdfacts/results/bob14790.htm,Sitta europaea,Resident Breeder,100000 - 500000 Territories,NH,NUTHA,223606.79774997893
Red-breasted Nuthatch,http://app.bto.org/birdfacts/results/bob14720.htm,Sitta canadensis,Accidental,1-10 Records,,,3.1622776601683795
Wallcreeper,http://app.bto.org/birdfacts/results/bob14820.htm,Tichodroma muraria,Accidental,1-10 Records,,WALLC,3.1622776601683795
Treecreeper,http://app.bto.org/birdfacts/results/bob14860.htm,Certhia familiaris,Resident Breeder,100000 - 500000 Territories,TC,TREEC,223606.79774997893
Short-toed Treecreeper,http://app.bto.org/birdfacts/results/bob14870.htm,Certhia brachydactyla,Accidental,10 - 100 Records,TH,SHTTR,31.622776601683803
Grey Catbird,http://app.bto.org/birdfacts/results/bob10800.htm,Dumetella carolinensis,Accidental,1-10 Records,,,3.1622776601683795
Northern Mockingbird,http://app.bto.org/birdfacts/results/bob10670.htm,Mimus polyglottos,Accidental,1-10 Records,,,3.1622776601683795
Brown Thrasher,http://app.bto.org/birdfacts/results/bob10690.htm,Toxostoma rufum,Accidental,1-10 Records,,BROTH,3.1622776601683795
Rose-coloured Starling,http://app.bto.org/birdfacts/results/bob15840.htm,Pastor roseus,Scarce Visitor,10 - 100 Birds,OE,ROCST,31.622776601683803
Starling,http://app.bto.org/birdfacts/results/bob15820.htm,Sturnus vulgaris,"Resident Breeder, Passage/Winter Visitor",1.8E06 Pairs,SG,STARL,1800000.0
Siberian Thrush,http://app.bto.org/birdfacts/results/bob11710.htm,Geokichla sibirica,Accidental,10 - 100 Records,,SIBTH,31.622776601683803
White’s Thrush,http://app.bto.org/birdfacts/results/bob11700.htm,Zoothera aurea,Accidental,10 - 100 Records,,WHITH,31.622776601683803
Varied Thrush,http://app.bto.org/birdfacts/results/bob11720.htm,Ixoreus naevius,Accidental,1-10 Records,VT,,3.1622776601683795
Veery,http://app.bto.org/birdfacts/results/bob11790.htm,Catharus fuscescens,Accidental,10 - 100 Records,,VEERY,31.622776601683803
Grey-cheeked Thrush,http://app.bto.org/birdfacts/results/bob11781.htm,Catharus minimus,Accidental,10 - 100 Records,,GRATH,31.622776601683803
Swainson’s Thrush,http://app.bto.org/birdfacts/results/bob11770.htm,Catharus ustulatus,Accidental,10 - 100 Records,,SWATH,31.622776601683803
Hermit Thrush,http://app.bto.org/birdfacts/results/bob11760.htm,Catharus guttatus,Accidental,10 - 100 Records,,HERTH,31.622776601683803
Wood Thrush,http://app.bto.org/birdfacts/results/bob11750.htm,Hylocichla mustelina,Accidental,1-10 Records,,,3.1622776601683795
Ring Ouzel,http://app.bto.org/birdfacts/results/bob11860.htm,Turdus torquatus,"Migrant Breeder, Passage Visitor",1000 - 10000 Territories,RZ,RINOU,3162.2776601683804
Blackbird,http://app.bto.org/birdfacts/results/bob11870.htm,Turdus merula,"Migrant/Resident Breeder, Passage/Winter Visitor",4.9E06 Pairs,B.,BLABI,4900000.0
Eyebrowed Thrush,http://app.bto.org/birdfacts/results/bob11950.htm,Turdus obscurus,Accidental,10 - 100 Records,,EYBTH,31.622776601683803
Black-throated Thrush,http://app.bto.org/birdfacts/results/bob11972.htm,Turdus atrogularis,Accidental,10 - 100 Records,XC,BLTTH,31.622776601683803
Red-throated Thrush,http://app.bto.org/birdfacts/results/bob11971.htm,Turdus ruficollis,Accidental,1-10 Records,,RETTH,3.1622776601683795
Naumann's Thrush,http://app.bto.org/birdfacts/results/bob11961.htm,Turdus naumanni,Accidental,1-10 Records,,,3.1622776601683795
Dusky Thrush,http://app.bto.org/birdfacts/results/bob11962.htm,Turdus eunomus,Accidental,10 - 100 Records,,DUSTH,31.622776601683803
Fieldfare,http://app.bto.org/birdfacts/results/bob11980.htm,Turdus pilaris,"Scarce Breeder, Passage/Winter Visitor",500000 - 1E06 Birds,FF,FIELD,707106.7811865465
Redwing,http://app.bto.org/birdfacts/results/bob12010.htm,Turdus iliacus,"Migrant/Resident Breeder, Passage/Winter Visitor",500000 - 1E06 Birds,RE,REDWI,707106.7811865465
Song Thrush,http://app.bto.org/birdfacts/results/bob12000.htm,Turdus philomelos,"Migrant/Resident Breeder, Passage/Winter Visitor",1.1E06 Territories,ST,SONTH,1100000.0
Mistle Thrush,http://app.bto.org/birdfacts/results/bob12020.htm,Turdus viscivorus,"Migrant/Resident Breeder, Passage/Winter Visitor",100000 - 500000 Territories,M.,MISTH,223606.79774997893
American Robin,http://app.bto.org/birdfacts/results/bob12030.htm,Turdus migratorius,Accidental,10 - 100 Records,AR,AMERO,31.622776601683803
Rufous-tailed Scrub Robin,http://app.bto.org/birdfacts/results/bob10950.htm,Cercotrichas galactotes,Accidental,1-10 Records,,RUBRO,3.1622776601683795
Spotted Flycatcher,http://app.bto.org/birdfacts/results/bob13350.htm,Muscicapa striata,"Migrant Breeder, Passage Visitor",10000 - 100000 Territories,SF,SPOFL,31622.77660168378
Asian Brown Flycatcher,http://app.bto.org/birdfacts/results/bob99014.htm,Muscicapa dauurica,Accidental,1-10 Records,,,3.1622776601683795
Robin,http://app.bto.org/birdfacts/results/bob10990.htm,Erithacus rubecula,"Migrant/Resident Breeder, Passage/Winter Visitor",6E06 Territories,R.,ROBIN,6000000.0
Siberian Blue Robin,http://app.bto.org/birdfacts/results/bob11120.htm,Larvivora cyane,Accidental,1-10 Records,,,3.1622776601683795
Rufous-tailed Robin,http://app.bto.org/birdfacts/results/bob11020.htm,Larvivora sibilans,Accidental,1-10 Records,,RUTRO,3.1622776601683795
Bluethroat,http://app.bto.org/birdfacts/results/bob11060.htm,Luscinia svecica,"Scarce Breeder, Passage Visitor",10 - 100 Birds,BU,BLUTH,31.622776601683803
Thrush Nightingale,http://app.bto.org/birdfacts/results/bob11030.htm,Luscinia luscinia,Accidental,100-500 Records,FN,THRNI,223.606797749979
Nightingale,http://app.bto.org/birdfacts/results/bob11040.htm,Luscinia megarhynchos,"Migrant Breeder, Passage Visitor",1000 - 10000 Males,N.,NIGAL,3162.2776601683804
White-throated Robin,http://app.bto.org/birdfacts/results/bob11170.htm,Irania gutturalis,Accidental,1-10 Records,,WHTRO,3.1622776601683795
Siberian Rubythroat,http://app.bto.org/birdfacts/results/bob11050.htm,Calliope calliope,Accidental,10 - 100 Records,,SIBRU,31.622776601683803
Red-flanked Bluetail,http://app.bto.org/birdfacts/results/bob11130.htm,Tarsiger cyanurus,Scarce Visitor,100-500 Records,,REFBL,223.606797749979
Pied Flycatcher,http://app.bto.org/birdfacts/results/bob13490.htm,Ficedula hypoleuca,"Migrant Breeder, Passage Visitor",10000 - 100000 Pairs,PF,PIEFL,31622.77660168378
Collared Flycatcher,http://app.bto.org/birdfacts/results/bob13480.htm,Ficedula albicollis,Accidental,10 - 100 Records,,COLFL,31.622776601683803
Red-breasted Flycatcher,http://app.bto.org/birdfacts/results/bob13430.htm,Ficedula parva,Scarce Visitor,100-500 Birds,FY,REBFL,223.606797749979
Taiga Flycatcher,http://app.bto.org/birdfacts/results/bob13432.htm,Ficedula albicilla,Accidental,1-10 Records,,TAIFL,3.1622776601683795
Black Redstart,http://app.bto.org/birdfacts/results/bob11210.htm,Phoenicurus ochruros,"Migrant/Resident Breeder, Passage/Winter Visitor",10 - 100 Pairs,BX,BLARE,31.622776601683803
Redstart,http://app.bto.org/birdfacts/results/bob11220.htm,Phoenicurus phoenicurus,"Migrant Breeder, Passage Visitor",100000 - 500000 Pairs,RT,REDST,223606.79774997893
Moussier’s Redstart,http://app.bto.org/birdfacts/results/bob11270.htm,Phoenicurus moussieri,Accidental,1-10 Records,,MOURE,3.1622776601683795
Rock Thrush,http://app.bto.org/birdfacts/results/bob11620.htm,Monticola saxatilis,Accidental,10 - 100 Records,OH,ROCTH,31.622776601683803
Blue Rock Thrush,http://app.bto.org/birdfacts/results/bob11660.htm,Monticola solitarius,Accidental,1-10 Records,,BLRTH,3.1622776601683795
Whinchat,http://app.bto.org/birdfacts/results/bob11370.htm,Saxicola rubetra,"Migrant Breeder, Passage Visitor",10000 - 100000 Pairs,WC,WHINC,31622.77660168378
Stonechat,http://app.bto.org/birdfacts/results/bob11393.htm,Saxicola rubicola,Migrant/Resident Breeder,10000 - 100000 Pairs,SC,STOCH,31622.77660168378
Siberian Stonechat,http://app.bto.org/birdfacts/results/bob11394.htm,Saxicola maurus,Accidental,100-500 Records,,,223.606797749979
Stejneger's Stonechat,http://app.bto.org/birdfacts/results/bob11392.htm,Saxicola stejnegeri,Accidental,1-10 Records,,,3.1622776601683795
Wheatear,http://app.bto.org/birdfacts/results/bob11460.htm,Oenanthe oenanthe,"Migrant Breeder, Passage Visitor",100000 - 500000 Pairs,W.,WHEAT,223606.79774997893
Isabelline Wheatear,http://app.bto.org/birdfacts/results/bob11440.htm,Oenanthe isabellina,Accidental,10 - 100 Records,,ISAWH,31.622776601683803
Desert Wheatear,http://app.bto.org/birdfacts/results/bob11490.htm,Oenanthe deserti,Accidental,100-500 Records,,DESWH,223.606797749979
Black-eared Wheatear,http://app.bto.org/birdfacts/results/bob11480.htm,Oenanthe hispanica,Scarce Visitor,10 - 100 Records,,BLEWH,31.622776601683803
Pied Wheatear,http://app.bto.org/birdfacts/results/bob11470.htm,Oenanthe pleschanka,Accidental,10 - 100 Records,PI,PIEWH,31.622776601683803
White-crowned Black Wheatear,http://app.bto.org/birdfacts/results/bob11570.htm,Oenanthe leucopyga,Accidental,1-10 Records,,WHCBL,3.1622776601683795
Dipper,http://app.bto.org/birdfacts/results/bob10500.htm,Cinclus cinclus,Resident Breeder,10000 - 100000 Pairs,DI,DIPPE,31622.77660168378
House Sparrow,http://app.bto.org/birdfacts/results/bob15910.htm,Passer domesticus,Resident Breeder,5.1E06 Pairs,HS,HOUSP,5100000.0
Spanish Sparrow,http://app.bto.org/birdfacts/results/bob15920.htm,Passer hispaniolensis,Accidental,10 - 100 Records,,SPASP,31.622776601683803
Tree Sparrow,http://app.bto.org/birdfacts/results/bob15980.htm,Passer montanus,"Resident Breeder, Passage Visitor",100000 - 500000 Territories,TS,TRESP,223606.79774997893
Rock Sparrow,http://app.bto.org/birdfacts/results/bob16040.htm,Petronia petronia,Accidental,1-10 Records,,ROCSP,3.1622776601683795
Alpine Accentor,http://app.bto.org/birdfacts/results/bob10940.htm,Prunella collaris,Accidental,10 - 100 Records,,ALPAC,31.622776601683803
Siberian Accentor,http://app.bto.org/birdfacts/results/bob10860.htm,Prunella montanella,Accidental,10 - 100 Records,,,31.622776601683803
Dunnock,http://app.bto.org/birdfacts/results/bob10840.htm,Prunella modularis,"Resident Breeder, Passage/Winter Visitor",2.3E06 Territories,D.,DUNNO,2300000.0
Yellow Wagtail,http://app.bto.org/birdfacts/results/bob10170.htm,Motacilla flava,"Migrant Breeder, Passage Visitor",10000 - 100000 Territories,YW,YELWA,31622.77660168378
Eastern Yellow Wagtail,http://app.bto.org/birdfacts/results/bob10239.htm,Motacilla tschutschensis,Accidental,1-10 Records,,,3.1622776601683795
Citrine Wagtail,http://app.bto.org/birdfacts/results/bob10180.htm,Motacilla citreola,Scarce Visitor,10 - 100 Birds,IZ,CITWA,31.622776601683803
Grey Wagtail,http://app.bto.org/birdfacts/results/bob10190.htm,Motacilla cinerea,"Resident Breeder, Passage Visitor",10000 - 100000 Pairs,GL,GREWA,31622.77660168378
Pied Wagtail,http://app.bto.org/birdfacts/results/bob10200.htm,Motacilla alba,"Migrant/Resident Breeder, Passage Visitor",100000 - 500000 Pairs,PW,PIEWA,223606.79774997893
Richard’s Pipit,http://app.bto.org/birdfacts/results/bob10020.htm,Anthus richardi,Scarce Visitor,100-500 Birds,PR,RICPI,223.606797749979
Blyth’s Pipit,http://app.bto.org/birdfacts/results/bob10040.htm,Anthus godlewskii,Accidental,10 - 100 Records,,BLYPI,31.622776601683803
Tawny Pipit,http://app.bto.org/birdfacts/results/bob10050.htm,Anthus campestris,Accidental,10 - 100 Birds,TI,TAWPI,31.622776601683803
Meadow Pipit,http://app.bto.org/birdfacts/results/bob10110.htm,Anthus pratensis,"Migrant/Resident Breeder, Passage/Winter Visitor",1.9E06 Pairs,MP,MEAPI,1900000.0
Tree Pipit,http://app.bto.org/birdfacts/results/bob10090.htm,Anthus trivialis,"Migrant Breeder, Passage Visitor",10000 - 100000 Pairs,TP,TREPI,31622.77660168378
Olive-backed Pipit,http://app.bto.org/birdfacts/results/bob10080.htm,Anthus hodgsoni,Scarce Visitor,10 - 100 Birds,OV,OLBPI,31.622776601683803
Pechora Pipit,http://app.bto.org/birdfacts/results/bob10100.htm,Anthus gustavi,Scarce Visitor,100-500 Records,,PECPI,223.606797749979
Red-throated Pipit,http://app.bto.org/birdfacts/results/bob10120.htm,Anthus cervinus,Accidental,500 - 1000 Records,VP,RETPI,707.1067811865473
Buff-bellied Pipit,http://app.bto.org/birdfacts/results/bob10144.htm,Anthus rubescens,Accidental,10 - 100 Records,,AMEPI,31.622776601683803
Water Pipit,http://app.bto.org/birdfacts/results/bob10141.htm,Anthus spinoletta,Passage/Winter Visitor,100-500 Birds,WI,WATPI,223.606797749979
Rock Pipit,http://app.bto.org/birdfacts/results/bob10142.htm,Anthus petrosus,"Resident Breeder, Passage/Winter Visitor",10000 - 100000 Pairs,RC,ROCPI,31622.77660168378
Chaffinch,http://app.bto.org/birdfacts/results/bob16360.htm,Fringilla coelebs,"Resident Breeder, Passage/Winter Visitor",5.8E06 Territories,CH,CHAFF,5800000.0
Brambling,http://app.bto.org/birdfacts/results/bob16380.htm,Fringilla montifringilla,"Scarce Breeder, Passage/Winter Visitor",100000 - 500000 Birds,BL,BRAMB,223606.79774997893
Evening Grosbeak,http://app.bto.org/birdfacts/results/bob17180.htm,Hesperiphona vespertina,Accidental,1-10 Records,,EVEGR,3.1622776601683795
Hawfinch,http://app.bto.org/birdfacts/results/bob17170.htm,Coccothraustes coccothraustes,"Resident Breeder, Passage Visitor",500 - 1000 Pairs,HF,HAWFI,707.1067811865473
Pine Grosbeak,http://app.bto.org/birdfacts/results/bob16990.htm,Pinicola enucleator,Accidental,1-10 Records,,PINGR,3.1622776601683795
Bullfinch,http://app.bto.org/birdfacts/results/bob17100.htm,Pyrrhula pyrrhula,"Resident Breeder, Scarce Visitor",100000 - 500000 Territories,BF,BULLF,223606.79774997893
Trumpeter Finch,http://app.bto.org/birdfacts/results/bob16760.htm,Bucanetes githagineus,Accidental,10 - 100 Records,,TRUFI,31.622776601683803
Common Rosefinch,http://app.bto.org/birdfacts/results/bob16790.htm,Carpodacus erythrinus,"Scarce Breeder, Passage Visitor",100-500 Birds,SQ,SCARO,223.606797749979
Greenfinch,http://app.bto.org/birdfacts/results/bob16490.htm,Chloris chloris,"Resident Breeder, Winter Visitor",1.7E06 Pairs,GR,GREFI,1700000.0
Twite,http://app.bto.org/birdfacts/results/bob16620.htm,Linaria flavirostris,"Migrant/Resident Breeder, Winter Visitor",1000 - 10000 Pairs,TW,TWITE,3162.2776601683804
Linnet,http://app.bto.org/birdfacts/results/bob16600.htm,Linaria cannabina,"Migrant/Resident Breeder, Passage/Winter Visitor",100000 - 500000 Territories,LI,LINNE,223606.79774997893
Common Redpoll,http://app.bto.org/birdfacts/results/bob16631.htm,Acanthis flammea,"Scarce Breeder, Passage/Winter Visitor",100-500 Birds,FR,COMRE,223.606797749979
Lesser Redpoll,http://app.bto.org/birdfacts/results/bob16634.htm,Acanthis cabaret,Migrant/Resident Breeder,100000 - 500000 Pairs,LR,LESRE,223606.79774997893
Arctic Redpoll,http://app.bto.org/birdfacts/results/bob16640.htm,Acanthis hornemanni,Scarce Visitor,10 - 100 Birds,AL,ARCRE,31.622776601683803
Parrot Crossbill,http://app.bto.org/birdfacts/results/bob16680.htm,Loxia pytyopsittacus,"Scarce Visitor, Occasional Breeder",100-500 Records,PC,PARCR,223.606797749979
Scottish Crossbill,http://app.bto.org/birdfacts/results/bob16670.htm,Loxia scotica,Endemic Breeder,1000 - 10000 Pairs,CY,SCOCR,3162.2776601683804
Common Crossbill,http://app.bto.org/birdfacts/results/bob16660.htm,Loxia curvirostra,"Migrant/Resident Breeder, Passage/Winter Visitor",10000 - 100000 Pairs,CR,CROSS,31622.77660168378
Two-barred Crossbill,http://app.bto.org/birdfacts/results/bob16650.htm,Loxia leucoptera,Scarce Visitor,100-500 Records,PD,TWBCR,223.606797749979
Goldfinch,http://app.bto.org/birdfacts/results/bob16530.htm,Carduelis carduelis,Migrant/Resident Breeder,1.2E06 Pairs,GO,GOLDF,1200000.0
Citril Finch,http://app.bto.org/birdfacts/results/bob16440.htm,Carduelis citrinella,Accidental,1-10 Records,,CITFI,3.1622776601683795
Serin,http://app.bto.org/birdfacts/results/bob16400.htm,Serinus serinus,"Scarce Visitor, Has bred",10 - 100 Birds,NS,SERIN,31.622776601683803
Siskin,http://app.bto.org/birdfacts/results/bob16540.htm,Spinus spinus,"Resident Breeder, Passage/Winter Visitor",100000 - 500000 Pairs,SK,SISKI,223606.79774997893
Lapland Bunting,http://app.bto.org/birdfacts/results/bob18470.htm,Calcarius lapponicus,"Scarce Breeder, Passage/Winter Visitor",500 - 1000 Birds,LA,LAPBU,707.1067811865473
Snow Bunting,http://app.bto.org/birdfacts/results/bob18500.htm,Plectrophenax nivalis,"Resident Breeder, Passage/Winter Visitor",10 - 100 Pairs,SB,SNOBU,31.622776601683803
Corn Bunting,http://app.bto.org/birdfacts/results/bob18820.htm,Emberiza calandra,"Resident Breeder, Passage Visitor",10000 - 100000 Territories,CB,CORBU,31622.77660168378
Yellowhammer,http://app.bto.org/birdfacts/results/bob18570.htm,Emberiza citrinella,"Resident Breeder, Passage/Winter Visitor",500000 - 1E06 Territories,Y.,YELHA,707106.7811865465
Pine Bunting,http://app.bto.org/birdfacts/results/bob18560.htm,Emberiza leucocephalos,Accidental,10 - 100 Records,EL,PINBU,31.622776601683803
Rock Bunting,http://app.bto.org/birdfacts/results/bob18600.htm,Emberiza cia,Accidental,1-10 Records,,ROCBU,3.1622776601683795
Ortolan Bunting,http://app.bto.org/birdfacts/results/bob18660.htm,Emberiza hortulana,Scarce Visitor,10 - 100 Birds,OB,ORTBU,31.622776601683803
Cretzschmar’s Bunting,http://app.bto.org/birdfacts/results/bob18680.htm,Emberiza caesia,Accidental,1-10 Records,,CREBU,3.1622776601683795
Cirl Bunting,http://app.bto.org/birdfacts/results/bob18580.htm,Emberiza cirlus,Resident Breeder,1000 - 10000 Territories,CL,CIRBU,3162.2776601683804
Chestnut-eared Bunting,http://app.bto.org/birdfacts/results/bob18690.htm,Emberiza fucata,Accidental,1-10 Records,,CHABU,3.1622776601683795
Little Bunting,http://app.bto.org/birdfacts/results/bob18740.htm,Emberiza pusilla,Scarce Visitor,10 - 100 Birds,LJ,LITBU,31.622776601683803
Yellow-browed Bunting,http://app.bto.org/birdfacts/results/bob18710.htm,Emberiza chrysophrys,Accidental,1-10 Records,,YEBBU,3.1622776601683795
Rustic Bunting,http://app.bto.org/birdfacts/results/bob18730.htm,Emberiza rustica,Accidental,500 - 1000 Records,,RUSBU,707.1067811865473
Yellow-breasted Bunting,http://app.bto.org/birdfacts/results/bob18760.htm,Emberiza aureola,Accidental,100-500 Records,YO,YBSBU,223.606797749979
Chestnut Bunting,http://app.bto.org/birdfacts/results/bob18750.htm,Emberiza rutila,Accidental,1-10 Records,,,3.1622776601683795
Black-headed Bunting,http://app.bto.org/birdfacts/results/bob18810.htm,Emberiza melanocephala,Accidental,100-500 Records,,BLHBU,223.606797749979
Black-faced Bunting,http://app.bto.org/birdfacts/results/bob18530.htm,Emberiza spodocephala,Accidental,1-10 Records,,,3.1622776601683795
Pallas’s Reed Bunting,http://app.bto.org/birdfacts/results/bob18780.htm,Emberiza pallasi,Accidental,1-10 Records,,PARBU,3.1622776601683795
Reed Bunting,http://app.bto.org/birdfacts/results/bob18770.htm,Emberiza schoeniclus,"Resident Breeder, Passage/Winter Visitor",100000 - 500000 Territories,RB,REEBU,223606.79774997893
Song Sparrow,http://app.bto.org/birdfacts/results/bob18350.htm,Melospiza melodia,Accidental,1-10 Records,,SONSP,3.1622776601683795
White-crowned Sparrow,http://app.bto.org/birdfacts/results/bob18390.htm,Zonotrichia leucophrys,Accidental,1-10 Records,,WHCSP,3.1622776601683795
White-throated Sparrow,http://app.bto.org/birdfacts/results/bob18400.htm,Zonotrichia albicollis,Accidental,10 - 100 Records,,WHTSP,31.622776601683803
Dark-eyed Junco,http://app.bto.org/birdfacts/results/bob18420.htm,Junco hyemalis,Accidental,10 - 100 Records,JU,DAEJU,31.622776601683803
Savannah Sparrow,http://app.bto.org/birdfacts/results/bob18260.htm,Passerculus sandwichensis,Accidental,1-10 Records,,SAVSP,3.1622776601683795
Lark Sparrow,http://app.bto.org/birdfacts/results/bob18240.htm,Chondestes grammacus,Accidental,1-10 Records,,LARSP,3.1622776601683795
Eastern Towhee,http://app.bto.org/birdfacts/results/bob17980.htm,Pipilo erythrophthalmus,Accidental,1-10 Records,,RUSTO,3.1622776601683795
Bobolink,http://app.bto.org/birdfacts/results/bob18970.htm,Dolichonyx oryzivorus,Accidental,10 - 100 Records,,BOBOL,31.622776601683803
Baltimore Oriole,http://app.bto.org/birdfacts/results/bob19180.htm,Icterus galbula,Accidental,10 - 100 Records,,NOROR,31.622776601683803
Red-winged Blackbird,http://app.bto.org/birdfacts/results/bob19090.htm,Agelaius phoeniceus,Accidental,1-10 Records,,,3.1622776601683795
Brown-headed Cowbird,http://app.bto.org/birdfacts/results/bob18990.htm,Molothrus ater,Accidental,1-10 Records,,,3.1622776601683795
Ovenbird,http://app.bto.org/birdfacts/results/bob17560.htm,Seiurus aurocapilla,Accidental,1-10 Records,,OVENB,3.1622776601683795
Northern Waterthrush,http://app.bto.org/birdfacts/results/bob17570.htm,Parkesia noveboracensis,Accidental,1-10 Records,,NORWA,3.1622776601683795
Golden-winged Warbler,http://app.bto.org/birdfacts/results/bob17220.htm,Vermivora chrysoptera,Accidental,1-10 Records,,,3.1622776601683795
Black-and-white Warbler,http://app.bto.org/birdfacts/results/bob17200.htm,Mniotilta varia,Accidental,10 - 100 Records,,BAWWA,31.622776601683803
Tennessee Warbler,http://app.bto.org/birdfacts/results/bob17240.htm,Leiothlypis peregrina,Accidental,1-10 Records,,TENWA,3.1622776601683795
Common Yellowthroat,http://app.bto.org/birdfacts/results/bob17620.htm,Geothlypis trichas,Accidental,10 - 100 Records,,COMYE,31.622776601683803
Hooded Warbler,http://app.bto.org/birdfacts/results/bob17710.htm,Setophaga citrina,Accidental,1-10 Records,,HOOWA,3.1622776601683795
American Redstart,http://app.bto.org/birdfacts/results/bob17550.htm,Setophaga ruticilla,Accidental,1-10 Records,AD,AMERE,3.1622776601683795
Cape May Warbler,http://app.bto.org/birdfacts/results/bob17490.htm,Setophaga tigrina,Accidental,1-10 Records,,CAMWA,3.1622776601683795
Northern Parula,http://app.bto.org/birdfacts/results/bob17320.htm,Setophaga americana,Accidental,10 - 100 Records,,NORPA,31.622776601683803
Magnolia Warbler,http://app.bto.org/birdfacts/results/bob17500.htm,Setophaga magnolia,Accidental,1-10 Records,,MAGWA,3.1622776601683795
Bay-breasted Warbler,http://app.bto.org/birdfacts/results/bob17540.htm,Setophaga castanea,Accidental,1-10 Records,,,3.1622776601683795
Blackburnian Warbler,http://app.bto.org/birdfacts/results/bob17470.htm,Setophaga fusca,Accidental,1-10 Records,,,3.1622776601683795
Yellow Warbler,http://app.bto.org/birdfacts/results/bob17330.htm,Setophaga aestiva,Accidental,1-10 Records,,YLWWA,3.1622776601683795
Chestnut-sided Warbler,http://app.bto.org/birdfacts/results/bob17340.htm,Setophaga pensylvanica,Accidental,1-10 Records,,,3.1622776601683795
Blackpoll Warbler,http://app.bto.org/birdfacts/results/bob17530.htm,Setophaga striata,Accidental,10 - 100 Records,,BLAWA,31.622776601683803
Yellow-rumped Warbler,http://app.bto.org/birdfacts/results/bob17510.htm,Setophaga coronata,Accidental,10 - 100 Records,,YERWA,31.622776601683803
Wilson’s Warbler,http://app.bto.org/birdfacts/results/bob17720.htm,Cardellina pusilla,Accidental,1-10 Records,,,3.1622776601683795
Summer Tanager,http://app.bto.org/birdfacts/results/bob17860.htm,Piranga rubra,Accidental,1-10 Records,,SUMTA,3.1622776601683795
Scarlet Tanager,http://app.bto.org/birdfacts/results/bob17880.htm,Piranga olivacea,Accidental,1-10 Records,,SCATA,3.1622776601683795
Rose-breasted Grosbeak,http://app.bto.org/birdfacts/results/bob18870.htm,Pheucticus ludovicianus,Accidental,10 - 100 Records,,ROBGR,31.622776601683803
Indigo Bunting,http://app.bto.org/birdfacts/results/bob18920.htm,Passerina cyanea,Accidental,1-10 Records,,INDBU,3.1622776601683795
